name,long,lat,location
大武 (DAWU),120.90369999999999,22.3556,臺東縣大武鄉大武街115號
成功 (CHENGGONG),120.9037,22.3556,臺東縣大武鄉大武街115號
蘭嶼 (LANYU),121.37339999999999,23.0974,臺東縣成功鎮公民路84號
臺東 (TAITUNG),121.5583,22.0369,臺東縣蘭嶼鄉紅頭村2號
太麻里 (Taimali),121.0703,23.1504,臺東縣海端鄉廢棄下馬派出所旁
知本 (Jhihben),120.9853,22.609,臺東縣太麻里鄉(往金針山茶區之半路上)
鹿野 (Luye),121.0056,22.6848,臺東縣卑南鄉溫泉村(溫泉國小之樂山分校內)
綠島 (Ludao),121.1229,22.9177,臺東縣鹿野鄉鹿野高台高眺亭公廁東側草地上
池上 (Chihshang),121.4753,22.6672,臺東縣綠島鄉
向陽 (Siangyang),121.2094,23.1196,臺東縣池上鄉新興村104號(退輔會臺東農場內)
紅石 (Hongshih),120.9861,23.2483,臺東縣海端鄉向陽(公路局向陽工務段圍牆內)
大溪山 (Dasishan),121.1262,23.0691,臺東縣海端鄉紅石(紅石瞭望臺旁)
金崙 (Jinlun),120.9433,22.4784,臺東縣太麻里鄉多良村(廢棄中華電信轉播站旁)
東河 (Donghe),120.62212890679747,22.770303784162582,臺南市東山區東河里54號(東河水利工作站)
東河 (Donghe),120.62212890679747,22.770303784162582,臺東縣太麻里鄉金崙段0304-1地號
長濱 (Changbin),121.3039,22.9726,臺東縣東河鄉北東河17鄰26號(東河國民小學操場旁)
南田 (Nantian),121.4119,23.2868,臺東縣長濱鄉竹湖村移民橋後方山頂三角點旁
關山 (Guanshan),120.8892,22.2797,臺南市白河區大棟山三角點
關山 (Guanshan),120.8892,22.2797,臺東縣達仁鄉南田村南田風景區公園對面
蘭嶼高中 (Lanyu High School),121.175,23.0395,臺東縣關山鎮親水公園內
蘭嶼燈塔 (Lanyu Lighthouse),121.5121,22.049000000000003,臺東縣蘭嶼鄉椰油村37號（蘭嶼高中內）
東吉島 (DONGJIDAO),119.66739999999999,23.2569,澎湖縣望安鄉東吉村156號
澎湖 (PENGHU),119.66740000000001,23.2569,澎湖縣望安鄉東吉村156號
西嶼 (Xiyu),119.563,23.5655,澎湖縣望安鄉東吉村156號
花嶼 (Huayu),119.4684,23.5626,澎湖縣西嶼鄉195號(西嶼燈塔西方)
金門 (KINMEN),118.2892,24.4073,金門縣金城鎮金水里西海路一段250號
金沙 (Jinsha),118.2892,24.4073,金門縣金城鎮金水里西海路一段250號
金寧 (Jinning),118.4087,24.4882,金門縣金沙鎮環島北路四段465號(金門縣自來水廠榮湖淨水場)
烏坵 (Wuqiu),118.3289,24.4577,金門縣金寧鄉頂林路315號(金門縣消防局)
馬祖 (MATSU),119.9234,26.1692,連江縣南竿鄉四維村6鄰88號
東莒 (Dongju),119.9234,26.1692,連江縣南竿鄉四維村6鄰88號
東引 (Dongyin) (撤銷站),119.9806,25.9652,連江縣莒光鄉福正村1號(福正抽水機房，莒光遊客中心後方)
花蓮 (HUALIEN),121.61319999999999,23.9751,花蓮縣花蓮市花崗街24號
大禹嶺 (Dayuling),121.6132,23.9751,花蓮縣花蓮市花崗街24號
天祥 (Tianxiang),121.316,24.1861,花蓮縣秀林鄉立霧溪事業區67林班地(救國團大禹山莊)
和中 (Hezhong),121.4956,24.1795,花蓮縣秀林鄉立霧溪事業區80林班地(天祥祥德寺)
大坑 (Dakeng),121.18823907808736,24.307330890952873,臺中市北屯區軍福十三路268號(東山消防分隊)
大坑 (Dakeng),121.18823907808736,24.307330890952873,花蓮縣壽豐鄉10鄰山嶺80之1號(中華電信公司賀田山機房)旁
水璉 (Shuilian),121.5819,23.8806,花蓮縣壽豐鄉10鄰山嶺80之1號(中華電信公司賀田山機房)旁
鳳林山 (Fenglinshan),121.54250000000002,23.7971,花蓮縣壽豐鄉水璉村
加路蘭山 (Jialulanshan),121.4201,23.7352,花蓮縣鳳林鎮
豐濱 (Fengbin),121.52740000000001,23.6829,花蓮縣豐濱鄉臨海段776-4號
靜浦 (Jingpu),121.5148,23.5838,花蓮縣豐濱鄉豐濱村
明里 (Mingli),121.24929999999999,23.1716,花蓮縣秀林鄉原林務局水源段的苗圃內
佳心 (Jiaxin),121.26230000000001,23.2087,花蓮縣富里鄉明里村明里社區後方山上
玉里 (Yuli),121.21309999999998,23.3456,花蓮縣卓溪鄉佳心(玉山國家公園內，距花蓮卓溪鄉南安遊客步行2.5時之日據時代派出所舊址)
舞鶴 (Wuhe),121.33960000000002,23.3215,花蓮縣玉里鎮樂合里新民41號(樂合國小)
富源 (Fuyuan),121.374,23.4681,花蓮縣瑞穗鄉舞鶴村加納納山三角點旁
東華 (Donghwa),121.3782,23.5876,花蓮縣光復鄉大豐村9鄰265號(富源國中對面之半山腰上)
吉安光華 (Guanghua Ji-an),121.54980000000002,23.8952,花蓮縣壽豐鄉大學路二段1號（國立東華大學）
鳳林 (Fenglin),121.59510000000002,23.9309,花蓮縣吉安鄉南濱路一段531號(水資源回收中心)
卓溪 (Zhuoxi),121.4534,23.7461,花蓮縣鳳林鎮信義路200號(鳳林地政事務所)
新城 (Xincheng),121.3033,23.3442,花蓮縣卓溪鄉卓溪村中正路65-5號(卓溪鄉立圖書館)
富世 (Fushi),121.6045,24.0394,花蓮縣新城鄉大漢村光復路570號(新城鄉公所)
萬榮 (Wanrong),121.62969999999999,24.1474,花蓮縣秀林鄉富世村127號(富世國小校園內)
瑞穗 (Ruisui),121.4201,23.7092,花蓮縣鳳林鎮長橋里長橋路2號(長橋國小)
和平林道 (Hepinglindao),121.39020000000001,23.5239,花蓮縣瑞穗鄉鶴岡村167號(鶴岡國小)
和平 (Heping),121.65629999999999,24.3439,花蓮縣秀林鄉臺電公司東部發電廠碧海機組廠區內(進入管制哨約7公里處)
瑞穗林道 (Ruisuilindao),121.77000000000001,24.3071,花蓮縣卓溪鄉瑞穗林道約7.5K瑞欣礦區下方空地
蕃薯寮 (Fanshuliao),121.30679999999998,23.4928,花蓮縣卓溪鄉瑞穗林道約7.5K瑞欣礦區下方空地
德武 (Dewu),121.5401,23.7383,花蓮縣壽豐鄉水璉村蕃薯寮附近山區道路旁(牛山段607地號內)
赤柯山 (Chikeshan),121.41070000000002,23.4742,花蓮縣玉里鎮德武里附近山區道路旁(德武段680地號內)
東里 (Dongli),121.38289999999999,23.3689,花蓮縣玉里鎮赤柯山段338地號
清水斷崖 (Qingshui Cliff),121.3054,23.2685,花蓮縣富里鄉東里村大莊路52號(東里消防分隊)
清水林道 (Qingshuilindao),121.6891,24.2182,花蓮縣秀林鄉臺9線大清水遊憩區下方空地
安通山 (Antongshan),121.1882,23.2712,花蓮縣卓溪鄉清水林道北側山區(新生段1地號)
鯉魚潭 (Liyutan),121.3485,23.2907,花蓮縣富里鄉永安街52號(富里國小)
西林 (Xilin),121.50890000000001,23.9356,花蓮縣壽豐鄉池南村池南路一段8號(鯉魚潭風景區旁)
光復 (Guangfu),121.44139999999999,23.8119,花蓮縣萬榮鄉西林路8鄰114號(西林國民小學運動場旁)
月眉山 (Yuemeishan),121.4249,23.6606,花蓮縣光復鄉大進村糖廠街19號(台糖公司花蓮光復糖廠內)
水源 (Shuiyuan),121.5398,23.8099,花蓮縣壽豐鄉月眉山旁的小山丘上(過米棧大橋往山上水璉方向至四號橋左轉之山上)
頭城 (Toucheng),121.7979,24.6863,宜蘭縣五結鄉五結中路二段88號(五結國小)
大礁溪 (Dajiaoxi),121.79187665982202,24.837660643394933,宜蘭縣頭城鎮協天路468號(中華電信頭城海纜站內)
三星 (Sanxing),121.87339999999999,24.9072,宜蘭縣頭城鎮濱海路三段(北關梗枋漁港北側路邊)
內城 (Neicheng),121.653,24.6681,宜蘭縣三星鄉月眉街54號(三星國中)
冬山 (Dongshan),121.6876,24.7181,宜蘭縣員山鄉內城路545號(內城國民中小學)
羅東 (Luodong),121.79369999999999,24.6337,宜蘭縣冬山鄉冬山路98-5號(冬山消防分隊)
鶯子嶺 (Yingziling),121.74929999999999,24.6818,宜蘭縣羅東鎮羅東運動公園南側(北成路二段停車場旁自行車道入口)
翠峰湖 (Cuifenghu),121.79240000000001,24.8975,宜蘭縣頭城鎮鶯子嶺通信站區內
大福 (Dafu),121.608,24.5108,宜蘭縣大同鄉太平山翠峰湖停車場木棧道旁
坪林石牌 (Shipai Pinglin),121.8138,24.8006,宜蘭縣壯圍鄉大福路一段62巷26號(大福國小)
員山 (Yuanshan),121.7739,24.8647,宜蘭縣頭城鎮與新北市坪林區交界附近之國有林班地(位於坪林石牌附近山區)
土場 (Tuchang),121.7224,24.7443,宜蘭縣員山鄉員山村復興路39號(員山國小)
鴛鴦湖 (Yuanyanghu),121.4953,24.5765,宜蘭縣大同鄉土場
多加屯 (Duojiatun),121.41220000000001,24.5902,宜蘭縣大同鄉100線林道約15K(太平山事業區32林班內，鴛鴦湖工作站旁空地)
白嶺 (Bailing),121.3731,24.3686,宜蘭縣大同鄉南湖大山指標8.4K處(多加屯避難山屋附近)
西德山 (Xideshan),121.519,24.5278,宜蘭縣大同鄉太平山白嶺苗圃內
西帽山 (Ximaoshan),121.7526,24.5606,宜蘭縣南澳鄉安平坑林道(力霸產業道路)附近山區(南澳事業區28林班內)
樟樹山 (Zhangshushan),121.8026,24.5553,宜蘭縣南澳鄉台泥大白山運石道附近山區(羅東事業區96林班內)
桃源谷 (Taoyuangu),121.7832,24.4139,宜蘭縣南澳鄉武塔村樟樹山附近山區
雙連埤 (Shuanglianpi),121.7303,24.803508070866144,宜蘭縣礁溪鄉林尾路180號（淡江大學蘭陽校園內）
礁溪 (Chiaoshi),121.6413,24.753,宜蘭縣員山鄉雙連埤地區(需徒步20分鐘)
玉蘭 (Yulan),121.76559999999999,24.8175,宜蘭縣礁溪鄉礁溪路四段23號(礁溪國民中學教室後宿舍旁)
太平山 (Taipingshan),121.58699999999999,24.627260414610067,宜蘭縣大同鄉松羅村鹿場路11號(往松羅山頂瞭望亭旁)
南山 (Nanshan),121.5256,24.486373399014777,宜蘭縣大同鄉太平山93林班地(林務局路標22.3k處)
高樹 (Gaoshu),120.7531,22.510402943189597,屏東縣春日鄉大漢山頂
長治 (Changzhi),120.6008,22.8263,屏東縣高樹鄉興中路330號(高樹圖書館)
九如 (Jiuru),120.54260000000001,22.6931,屏東縣長治鄉德成村中興路572-1號(長治消防分隊)
萬丹 (WanDan),120.4905,22.7405,屏東縣九如鄉九如路二段416號(九如鄉公所)
崁頂 (Kanding),120.4903,22.5877,屏東縣崁頂鄉崁頂村興農路29-10號(崁頂消防分隊)
蘇澳 (SU-AO),121.85730000000001,24.5967,宜蘭縣蘇澳鎮港區路1號6樓(蘇澳港行政大樓6樓)
宜蘭 (YILAN),121.85730000000001,24.5967,宜蘭縣蘇澳鎮港區路1號6樓(蘇澳港行政大樓6樓)
龜山島 (Gueishandao),121.7565,24.7639,宜蘭縣宜蘭市力行路150號
東澳 (Dong-ao),121.9531,24.8416,宜蘭縣頭城鎮龜山島山頂401高地觀景台
南澳 (Nanao),121.8331,24.503762422997944,宜蘭縣南澳鄉東岳村蘇花路三段209號(東澳國小校園內)
五結 (Wujie),121.81019999999998,24.4493,宜蘭縣南澳鄉中央氣象局地震中心系統維護課之南澳地震站
山美 (Shanmei) (撤銷站),120.62019999999998,23.4749,嘉義縣番路鄉大湖村五鄰下坪8號(嘉義縣番路鄉大湖國民小學內)
春日 (Chunri),120.6251,22.5273,屏東縣萬巒鄉新隆路64號萬巒農場（佳佐段180號）
琉球嶼 (Liouciouyu),120.6283,22.3703,屏東縣春日鄉鄉公所資源回收場旁
檳榔 (Binlang),120.3622,22.3322,屏東縣琉球鄉天台段596及597地號
貓鼻頭 (Maobitou),120.7926,22.074746002906977,屏東縣199縣道23K-23.5K間車城往旭海方向之右側
佳冬 (Jiadong),120.7358,21.9217,屏東縣恆春鎮(貓鼻頭風景區內)
新埤 (Xinpi),120.55229999999999,22.4315167008898,屏東縣佳冬鄉佳昌路2號(佳冬鄉公所)
新園 (Xinyuan),120.5828,22.4679,屏東縣新埤鄉民眾路103號(新埤消防分隊)
麟洛 (Linluo),120.46150000000002,22.5434,屏東縣新園鄉仙吉村店口路116號(新園消防分隊)
南州 (Nanzhou),120.52710000000002,22.6507,屏東縣麟洛鄉中山路158號(麟洛鄉公所)
里港 (Ligang),120.5027,22.4859,屏東縣南州鄉溪南村人和路241號(南州消防分隊)
舊泰武 (Jiutaiwu),120.4945,22.7791,屏東縣里港鄉永春村中山路104號(里港鄉公所)
墾雷 (Kenlei),120.6649,22.5881,屏東縣泰武鄉泰武村良武巷101號(舊泰武村老人活動中心)
東港 (Donggang),120.8552,21.9008,屏東縣恆春鎮燈塔路51巷33號(氣象局墾丁雷達站區內)
竹田 (Zhutian),120.4407,22.4624,屏東縣東港鎮豐漁里豐漁街67號（水產試驗所東港生技研究中心）
雲林東勢 (Dongshi Yunlin County) (撤銷站),120.6012,23.5867,雲林縣古坑鄉華山村松林路41號旁約100公尺
古坑 (Gukeng) (撤銷站),120.1547,23.6744,雲林縣東勢鄉東南村所前街3號(東勢鄉公所)
嘉義 (CHIAYI),120.43290000000002,23.4959,嘉義市西區北新里海口寮路56號
嘉義市東區 (Dongqu Chiayi City),120.43290000000002,23.4959,嘉義市西區北新里海口寮路56號
阿里山 (ALISHAN),120.81320000000001,23.5082,嘉義縣阿里山鄉中正村4鄰東阿里山73-1號
馬頭山 (Matoushan),120.8132,23.5082,嘉義縣阿里山鄉中正村4鄰東阿里山73-1號
東後寮 (Donghouliao),120.75543956194386,23.47364866529774,嘉義縣大埔鄉永樂村1鄰內灣仔2號
奮起湖 (Fenqihu),120.24800000000002,23.3699,嘉義縣義竹鄉東光村7號(台糖東後寮農場)
中埔 (Zhongpu),120.6992,23.4939,嘉義縣竹崎鄉阿里山事業區148林班地(中興苗圃內)
朴子 (Puzi),120.52290000000002,23.4253,嘉義縣中埔鄉中埔村128號(中埔鄉公所)
溪口 (Xikou),120.239,23.4346,嘉義縣朴子市竹村里36號(竹村國小)
大林 (Dalin),120.4035,23.60322559890486,嘉義縣溪口鄉中正東路103號(溪口國中學生活動中心)
太保 (Taibao),120.45840000000001,23.6006,嘉義縣大林鎮新興街110號(大林地政事務所)
水上 (Shuishang),120.33139999999999,23.455,嘉義縣太保市太保里31號(太保市圖書館)
竹崎 (Zhuqi),120.3889,23.4197,嘉義縣水上鄉三鎮村三鎮路119號(水上消防分隊)
東石 (Dongshi),120.55550000000001,23.509311498973307,嘉義縣竹崎鄉竹崎村舊車站79號(竹崎消防分隊)
番路 (Fanlu),120.1538,23.4589,嘉義縣東石鄉東石村3號(東石鄉公所)
六腳 (Liujiao),120.55410000000002,23.4646,嘉義縣番路鄉下坑村蔡公店101號(番路鄉公所)
布袋 (Budai),120.29059999999998,23.4928,嘉義縣六腳鄉蒜頭村73-2號(六腳消防分隊)
民雄 (Minxiong),120.16769999999998,23.3808,嘉義縣布袋鎮龍江里2-2號(布袋消防分隊)
嘉義梅山 (Meishan Chiayi County),120.42840000000001,23.5517,嘉義縣民雄鄉文化路7號(民雄鄉公所)
鹿草 (Lucao),120.55550000000001,23.5853,嘉義縣梅山鄉中山路282號(梅山鄉公所)
新港 (Xingang),120.3083,23.4113,嘉義縣鹿草鄉西井村287號(鹿草鄉公所)
茶山 (Chashan),120.34569999999998,23.5532,嘉義縣新港鄉公園路28號(新港消防分隊)
里佳 (Lijia),120.42539541409992,23.48969349760438,嘉義縣阿里山鄉茶山路62號之1(茶山村衛生室)
達邦 (Dabang),120.67774648760332,23.321649104683196,嘉義縣阿里山鄉里佳村
表湖 (Biaohu),120.7495,23.4539,嘉義縣阿里山鄉達邦村21號(鄒族自然與文化中心)
員林 (Yuanlin),120.57360766970906,24.0753,彰化縣鹿港鎮海埔里顏厝巷67號(行政院退輔會魚殖管理處彰化分場內)
溪湖 (Xihu),120.5855,23.9465,彰化縣員林市萬年里明倫路2號(明倫國中內)
溪州 (Xizhou),120.47910000000002,23.9483,彰化縣溪湖鎮大竹里彰水路2段725號(湖南國民小學內)
二林 (Erlin),120.499,23.8515,彰化縣溪州鄉溪下路四段560號(溪州鄉公所)
大城 (Dacheng),120.376,23.9033,彰化縣二林鎮仁愛路200號(二林消防分隊)
埔鹽 (Puyan),120.32089999999998,23.8524,彰化縣大城鄉東城村中平路185號(大城鄉公所)
埔心 (Puxin),120.43159999999999,24.0003,彰化縣埔鹽鄉永樂村永樂路600號(永樂國小)
田尾 (Tianwei),120.5254,23.9476,彰化縣埔心鄉舊館村員鹿路四段201號(舊館國小)
埤頭 (Pitou),120.5093,23.9016,彰化縣田尾鄉中正路二段101號(仁豐國小)
北斗 (Beidou),120.45279999999998,23.866,彰化縣埤頭鄉大湖村大湖路260號(大湖國小)
福興 (Fuxing),120.5142,23.8775,彰化縣北斗鎮斗苑路二段150號(螺陽國小)
秀水 (Xiushui),120.4376,24.0412,彰化縣福興鄉員鹿路二段270號(福興國中)
花壇 (Huatan) (撤銷站),120.575,23.8176,彰化縣彰化縣溪州鄉榮光村國光路1號(退輔會工程事業材料處彰化工廠)
田中 (Tianzhong) (撤銷站),120.5523,24.016,彰化縣花壇鄉中庄村中橋街226號(華南國小)
竹塘 (Zhutang) (撤銷站),120.5882,23.8567,彰化縣田中鎮中州路一段177號(田中國小)
高鐵彰化 (THSR Changhua) (撤銷站),120.3824,23.8466,彰化縣竹塘鄉永安村東陽路二段221號(永安派出所)
草嶺 (Caoling),120.69340000000001,23.5955,雲林縣古坑鄉草嶺村龍頭
崙背 (Lunbei),120.69340000000001,23.5955,雲林縣古坑鄉草嶺村龍頭
四湖 (Sihu),120.3189,23.7555,雲林縣崙背鄉阿勸村阿勸農場(阿勸段487號)
宜梧 (Yiwu),120.22709999999998,23.6304,雲林縣四湖鄉湖西村中正路766號(四湖國民中學內)
臺西 (Taixi),120.16930000000002,23.5362,雲林縣口湖鄉湖口村170號央廣口湖分台內(憲兵排樓頂)
蔦松 (Niaosong),120.19750000000002,23.7015,雲林縣台西鄉中山路110巷38號(臺西消防分隊)
棋山 (Qishan),120.2297,23.5143,雲林縣水林鄉松中村蔦松路213號(蔦松國小)
高鐵雲林 (THSR Yunlin),120.6034,23.6864,雲林縣古坑鄉棋盤村棋山49號(棋山國小)
虎尾 (Huwei),120.25570000000002,23.6741,雲林縣東勢鄉東榮路29巷1號(東勢鄉圖書館樓頂)
土庫 (Tuku),120.442,23.7191,雲林縣虎尾鎮林森路一段64號(中正國民小學內)
斗六 (Douliu),120.3955,23.679,雲林縣土庫鎮建國路41號(土庫消防分隊)
北港 (Beigang),120.54110000000001,23.7205,雲林縣斗六市鎮北路345-1號(斗六消防分隊)
西螺 (Xiluo),120.29279999999999,23.5739,雲林縣北港鎮大同路565號(北港消防分隊)
褒忠 (Baozhong),120.46730000000001,23.8004,雲林縣西螺鎮公正路211號(西螺消防分隊)
二崙 (Erlun),120.3036,23.6909,雲林縣褒忠鄉中正路451號(褒忠鄉公所)
大埤 (Dapi),120.40889999999999,23.7727,雲林縣二崙鄉中正路80號(二崙消防分隊)
斗南 (Dounan),120.43150000000001,23.646,雲林縣大埤鄉中山路8號(大埤鄉公所)
林內 (Linnei),120.4783,23.6787,雲林縣斗南鎮延平路二段266號(斗南鎮停一立體停車場)
莿桐 (Citong),120.60959999999999,23.7486,雲林縣林內鄉中正路685號(林內消防分隊)
元長 (Yuanchang),120.50230000000002,23.7611,雲林縣莿桐鄉和平路53號(莿桐鄉公所)
水林 (Shuilin),120.315,23.6498,雲林縣元長鄉長南村仁愛街2號(元長鄉公所)
社頭 (Shetou),120.5812,23.8738,彰化縣田中鎮中潭里4鄰高鐵三路1段167號
芳苑 (Fangyuan),120.5862,23.8976,彰化縣社頭鄉社斗路一段258號(社頭國小)
二水 (Ershui),120.32,23.9223,彰化縣芳苑鄉仁愛村斗苑路芳苑段211號(芳苑國中)
伸港 (Shenggang),120.61729999999999,23.8107,彰化縣二水鄉文化村119號(二水國小)
芬園 (Fenyuan),120.38670000000002,23.8482,彰化縣竹塘鄉東陽路二段123號（長安國小校園內）
鹿港 (Lukang),120.62129999999999,24.0156,彰化縣芬園鄉楓坑村大埔崙產業道路上(芬園往臺灣民俗村路上)
玉山 (YUSHAN),120.9595,23.4876,南投縣信義鄉玉山北峰1號
日月潭 (SUN MOON LAKE),120.95949999999999,23.4876,南投縣魚池鄉水社村中山路270巷14號
埔里 (Puli),120.90800000000002,23.8813,南投縣魚池鄉水社村中山路270巷14號
中寮 (Zhongliao),120.9524,23.9721,南投縣埔里鎮大城里大城路169號(南投縣立大成國民中學內)
草屯 (Caotun),120.76640000000002,23.8844,南投縣中寮鄉復興村初中巷50號(中寮國中校園內)
昆陽 (Kunyang),120.6808,23.9736,南投縣草屯鎮中山里草鞋墩1街8號(草屯鎮公所樓頂)
神木村 (Shenmu Village),121.2736,24.1213,南投縣仁愛鄉昆陽警察局後方下坡處(太魯閣國家公園)石碑後20公尺
合歡山 (Hehuan Mountain),120.8436,23.5327,南投縣信義鄉神木村神木工作分站後方山坡上(對高岳營林區29林班地444號土地)
廬山 (Lushan),121.27249999999998,24.1434,南投縣仁愛鄉(近合歡山三角點，由松雪樓開車約15分鐘，大甲溪事業區第81林班)
信義 (Xinyi),121.35210000000001,24.60445,臺北市信義區市府路1號(台北市政府頂樓)
信義 (Xinyi),121.35210000000001,24.60445,南投縣仁愛鄉大同村仁和路21號(埔里-霧社收費站-盧山電力公司瞭望台)
鳳凰 (Fonghuang),120.85099999999998,23.6896,南投縣信義鄉自強村綠美巷(內茅埔營林區23林班地)
竹山 (Zhushan),120.78729999999999,23.728,南投縣鹿谷鄉鳳凰鳥園旁
水里 (Shuili),120.6881,23.7612,南投縣竹山鎮延和里向學街32號(竹山國民小學內)
魚池 (Yuchi),120.84970000000001,23.83328576317591,南投縣水里鄉中山路一段515號(玉山國家公園管理處)
集集 (Jiji),120.94130000000001,23.87883655030801,南投縣魚池鄉東池村魚池街194號(魚池鄉衛生所)
仁愛 (Ren'ai),120.80139999999999,23.876641820670773,南投縣集集鎮民生東路1號(農委會特有生物研究保育中心)
名間 (Mingjian),121.13219999999998,24.0221,南投縣仁愛鄉仁和路50號(台電公司仁愛服務所)
國姓 (Guoxing),120.7014,23.837,南投縣名間鄉董門巷2號(名間鄉立體停車場)
南投 (Nantou),120.85499999999999,24.00622162902122,南投縣國姓鄉民族街40號(國姓鄉老人文康活動中心)
梅峰 (Meifeng),120.68729999999998,23.9114,南投縣南投市龍泉里玉井街5號(南投市公所樓頂)
萬大林道 (Wandalindao),121.1735,24.04597686516085,南投縣仁愛鄉大同村仁和路215號(梅峰農場)
玉山風口 (Yushanfengkou),121.0914,23.78264512195122,南投縣仁愛鄉曲冰段(萬大林道約7.2k附近高地)
小奇萊 (Xiaoqilai),120.9559,23.4704,南投縣信義鄉(玉山主峰往北峰叉路空地附近)
奇萊稜線 (Qilailengxian),121.2957,24.1317,南投縣仁愛鄉小奇萊步道指標1.5K處附近
明德 (Mingde),120.78390000000002,24.6064,苗栗縣後龍鎮後龍溪橋旁高地
通霄 (Tongxiao),120.8854,24.5834,苗栗縣頭屋鄉明德水庫水利工作站屋頂上
馬都安 (Madu-an),120.7046,24.4718,苗栗縣通霄鎮城北里1鄰13號(通霄鎮城中國民小學內)
頭份 (Toufen),120.9301,24.4512,苗栗縣泰安鄉錦水村(由泰安開車約2小時瞭望台旁)
造橋 (Zaoqiao),120.91220000000001,24.6882,苗栗縣頭份市中正路219號(苗栗縣頭份鎮頭份國小校園內)
苗栗 (Miaoli),120.86469999999998,24.637,苗栗縣造橋鄉造橋村14鄰3號(造橋國小)
西湖 (Xihu),120.8244,24.3126,苗栗縣卓蘭鎮中山路125-1號(卓蘭鎮圖書館樓頂)
獅潭 (Shitan),120.7485,24.5629,苗栗縣西湖鄉二湖村2鄰22號(僑文國小)
苑裡 (YUANLI),120.92,24.5391,苗栗縣獅潭鄉新店村11鄰103-2號(獅潭鄉公所圖書館樓頂)
大河 (Dahe),120.65300000000002,24.4397,苗栗縣苑裡鎮信義路1號(苑裡鎮公所)
高鐵苗栗 (THSR Miaoli),120.9485,24.618,苗栗縣三灣鄉大河村48號(大河派出所)
銅鑼 (Tongluo),120.8591,24.629930656934306,苗栗縣竹南鎮龍鳳里龍江街359巷5號(龍鳳安檢所樓頂)
龍潭 (Longtan),121.143,24.9123,桃園市龍潭區中興路726號（龍潭消防分隊）
龜山 (Guishan),121.22129999999999,24.909627141878,桃園市龜山區文化一路250號(國立體育大學田徑場)
中壢 (Zhongli),121.3865,25.0284,桃園市中壢區成章四街120號(內壢高中樓頂)
大溪永福 (Yongfu Daxi),121.2563,24.9776,桃園市大溪區信義路1165號（永福國小）
觀音 (Guanyin),121.11479999999999,25.0647,桃園市觀音區廣福里10-42號(逸福農場)
蘆竹 (Luzhu),121.15330000000002,25.027,桃園市蘆竹區坑口里14鄰旁
大溪 (Dasi),121.26570000000001,25.0842,桃園市蘆竹區坑口里14鄰旁
大園 (Dayuan) (撤銷站),121.1852,24.9675,桃園市大園區埔心里25鄰中正東路1段189巷35號(埔心國民小學)
新竹市東區 (Dongqu Hsinshu City),120.9869,24.7986,新竹市東區光復路二段321號（工研院光復院區6館）
香山 (Siangshan) (撤銷站),120.9149,24.7835,新竹市香山區長興街路旁
新竹 (HSINCHU),121.0142,24.8278,新竹縣竹北市北崙里3鄰光明五街60號
梅花 (Meihua),121.0142,24.8278,新竹縣竹北市北崙里3鄰光明五街60號
關西 (Guanxi),121.20849999999999,24.6783,新竹縣尖石鄉梅花村1鄰11號(梅花國小校園內)
峨眉 (Emei),121.17390000000002,24.7982,新竹縣關西鎮北斗里北門口41號(關西國中校園內)
打鐵坑 (Datiekeng),121.01710000000001,24.6905,新竹縣峨眉鄉31541峨眉村峨眉街54號(峨眉國中校園內)
橫山 (Hengshan),121.1507,24.8496,新竹縣橫山鄉橫山村橫山段426-6地號上
雪霸 (Xueba),121.11689999999999,24.7111,新竹縣橫山鄉橫山村橫山段426-6地號上
竹東 (Zhudong),121.11599999999999,24.5269,新竹縣竹東鎮二重國民小學校園內
寶山 (Baoshan),121.05779999999999,24.7671,新竹縣寶山鄉新湖路280號旁
新豐 (Sinfong),121.02510000000001,24.735,新竹縣寶山鄉新湖路280號旁
湖口 (Hukou),120.97719999999998,24.8706,新竹縣新豐鄉松柏村康和路199號(小叮噹科學主題樂園)
竹南 (Jhunan),120.8888,24.7089,苗栗縣竹南鎮大埔里仁愛路1092號(竹南鎮大埔國民小學內)
南庄 (Nanzhuang),120.8888,24.7089,苗栗縣竹南鎮大埔里仁愛路1092號(竹南鎮大埔國民小學內)
大湖 (Dahu),121.0002,24.6017,苗栗縣南庄鄉東村文化路3號(南庄國小校園內)
後龍 (Houlong),120.87079999999999,24.4149,苗栗縣大湖鄉大寮村5鄰竹高屋34-1號附近
旗津 (Cijin) (撤銷站),120.2799,22.837,高雄市旗津區中洲二路207號(旗津國中校園內)
楠梓 (Nanzi) (撤銷站),120.2859,22.5886,高雄市楠梓區德民路1010號(國昌國民中學)
基隆 (KEELUNG),121.74040000000001,25.1333,基隆市仁愛區港西街6號6樓(海港大樓6樓)
彭佳嶼 (PENGJIAYU),121.7404,25.1333,基隆市中正區彭佳嶼
七堵 (Qidu),122.0797,25.6279,基隆市七堵區東新街22號(基隆商工樓頂)
基隆嶼 (Keelung Islet),121.7171,25.0948,基隆市中正區基隆嶼
新屋 (XINWU),121.0474,25.0067,桃園市新屋區東興路二段946號
復興 (Fuxing),120.68149254039189,23.873686043313853,高雄市桃源區復興里復興巷1鄰15號
復興 (Fuxing),120.68149254039189,23.873686043313853,桃園市復興區澤仁里中正路248號(介壽國民中學校園內)
桃園 (Taoyuan),121.35220000000001,24.8202,桃園市復興區澤仁里中正路248號(介壽國民中學校園內)
八德 (Bade),121.32309999999998,24.9924,桃園市八德區興仁里中山路94號(八德國民小學校園內)
平鎮 (Pingjhen),121.28319999999998,24.9287,桃園市平鎮區中豐路山頂段375巷45號(山豐國民小學校園內)
楊梅 (Yangmei),121.21460000000002,24.8975,桃園市楊梅區金華街100號(楊心國小)
柳營 (Liuying) (撤銷站),120.3092,22.9357,臺南市柳營區果毅里61號(果毅國小)
高雄 (KAOHSIUNG) (撤銷站),120.3157,22.5659,高雄市前鎮區明孝里26鄰漁港南二路2號
甲仙 (Jiasian),120.806,23.2224,高雄市甲仙區(甲仙國民中學操場後方小山丘上)
月眉 (Yuemei),120.59170000000002,23.0801,高雄市杉林區月眉里山仙路1號月眉農場
美濃 (Meinong),120.5398,22.971,高雄市美濃區福安里中山路二段204巷65號(美濃區福安國小後方)
溪埔 (XIPU),120.51909999999998,22.8987,高雄市大樹區溪埔里之台29線近83K處
內門 (Neimen),120.4467,22.7385,高雄市內門區木柵里木柵3號（木柵國民小學）
古亭坑 (Gutingkeng),120.4667,22.9754,高雄市田寮區古亭里
阿公店 (Agongdian),120.4019,22.870865229295003,高雄市燕巢區西燕里工程路1號（阿公店水庫內）
阿蓮 (Alian),120.3555,22.8041,高雄市阿蓮區阿蓮里民生路94號(阿蓮區公所)
梓官 (Ziguan),120.3275,22.8832,高雄市梓官區梓官路258號(梓官區公所)
永安 (Yong'an),120.2672,22.7605,高雄市永安區永安路32號(永安消防分隊)
茄萣 (Qieding),120.2368,22.8231,高雄市茄萣區濱海路四段27號(茄萣區公所)
湖內 (Hunei),120.1826,22.9066,高雄市湖內區中山路一段290之1號(湖街派出所)
彌陀 (Mituo),120.24450000000002,22.8871,高雄市彌陀區中正北路7號(彌陀消防分隊)
岡山 (Gangshan),120.24629999999999,22.7838,高雄市岡山區岡山路341號(岡山地政事務所)
仁武 (Renwu),120.28821890410958,22.73897205479452,高雄市仁武區中正路133號(仁武區公所)
鼓山 (Gushan),120.34769999999999,22.701,高雄市鼓山區臨海一路61-1號(鼓山消防分隊)
三民 (Sanmin),120.27550000000001,22.6233,高雄市三民區十全一路88號(十全消防分隊)
苓雅 (LingYa),120.3112,22.645,高雄市苓雅區三多一路162號(苓雅消防分隊)
林園 (Linyuan),120.3306,22.6227,高雄市苓雅區三多一路162號(苓雅消防分隊)
大寮 (Daliao),120.3945,22.5077,高雄市大寮區鳳林三路492號(大寮區公所)
旗山 (Qishan),120.39570000000002,22.6056,高雄市大寮區鳳林三路492號(大寮區公所)
路竹 (Luzhu),120.48349999999999,22.8886,高雄市路竹區國昌路76號(路竹區公所)
橋頭 (Qiaotou),120.25939999999999,22.8549,高雄市路竹區國昌路76號(路竹區公所)
大社 (Dashe),120.3057,22.7578,高雄市大社區自強街1號(大社區公所)
萬山 (Wanshan),120.3466,22.7303,高雄市茂林區萬山段710地號
六龜 (Liugui),120.68799999999999,22.9059,高雄市茂林區萬山段710地號
左營 (Zuoying),120.6335,22.9978,高雄市左營區左營大路1號(高雄市立海青高級工商職業學校資訊大樓樓頂)
小林 (Xiaolin),120.28489999999998,22.6749,高雄市甲仙區五里路24-2號（小林國小）
鳳山 (Fengshan),120.63319999999999,23.1484,高雄市鳳山區文山路園藝巷4號（鳳山熱帶園藝試驗分所）
鳳森 (Fengsen),120.35610000000001,22.6466,高雄市小港區水庫段96-1地號（鳳山給水廠內）
新興 (Sinsing),120.39250000000001,22.545,高雄市新興區大同一路231號(大同國小內5樓頂)
烏日 (Wuri),120.52890000000001,24.1845,臺中市龍井區西里龍門路51號(龍井國小)
西屯 (Xitun),120.6241,24.107,臺中市西屯區西屯路二段300號(西屯國小)
南屯 (Nantun),120.6412,24.1794,臺中市南屯區黎明路一段968號(南屯國小)
新社 (Xinshe),120.6379,24.137,臺中市南屯區黎明路一段968號(南屯國小)
大雅(中科園區) (Daya),120.8158,24.2001,臺中市大雅區中部科學工業園區臺中園區(汙水處理機房樓頂)
桃山 (Taoshan),120.6244,24.2152,臺中市和平區(位於往桃山山屋叉路解說牌附近)
雪山東峰 (Xueshandongfeng),121.3038,24.4327,臺中市和平區(位於雪山東峰直升機停機坪東南東方60公尺處)
大甲 (Dajia),120.5233,24.256,臺中市大甲區開元路71號(大甲高級工業職業學校內)
臺南 (TAINAN),120.2047,22.9932,臺南市中西區公園路21號
永康 (YONGKANG),120.2047,22.9932,臺南市永康區鹽行里正南五街520巷88號
曾文 (Cengwen),120.0861,23.147,臺南市楠西區曾文新村(曾文水庫管理局內)
北寮 (Beiliao),120.49730000000001,23.2196,臺南市南化區北寮里48-4號
王爺宮 (Wangyegong),120.495,23.0795,臺南市六甲區王爺里24號（六甲國小湖東分校）
大內 (Danei),120.4008,23.222,臺南市大內區74201大內里63號(大內國民小學)
善化 (Shanhua),120.3608,23.1188,臺南市善化區益民寮60號(亞洲蔬菜研究發展中心內)
玉井 (Yujing),120.2972,23.1128,臺南市玉井區台灣糖業公司玉井糖廠
安南 (Annan),120.46050000000001,23.126,臺南市安南區公學路6段589號(學東國民小學內)
崎頂 (Qiding),120.14480000000002,23.0766,臺南市龍崎區中坑里5鄰13號
虎頭埤 (Hutoupi),120.3693,22.9595,臺南市新化區口埤18號(新化分場)
新市 (Xinshi),120.3478,23.0213,臺南市新化區口埤18號(新化分場)
媽廟 (Mamiao),120.2981,23.0616,臺南市新市區永就里53號(番子寮農場)
下營 (Xiaying),120.38559999999998,23.2965,臺南市下營區仁里里下營國小附近
佳里 (Jiali),120.2562,23.2269,臺南市佳里區西方之埔尾，近七股區之篤加
臺南市北區 (Beiqu Tainan City),120.14500000000001,23.173,臺南市佳里區西方之埔尾，近七股區之篤加
臺南市南區 (Nanqu Tainan City),120.1942,23.0103,臺南市北區文賢路678號(和緯消防分隊)
麻豆 (Madou),120.18829999999998,22.9611,臺南市南區明興路2號(南區區公所)
官田 (Guantian),120.24859999999998,23.1832,臺南市麻豆區興國路9號(麻豆消防分隊5樓頂)
西港 (Xigang),120.31539999999998,23.1932,臺南市官田區中山路一段132號(官田區公所)
安定 (Anding),120.20309999999999,23.1256,臺南市西港區中山路450號(西港消防分隊4樓頂)
仁德 (Rende),120.22779999999999,23.1026,臺南市安定區南安里33-11號(安定消防分隊)
關廟 (Guanmiao),120.2576,22.9682,臺南市關廟區中正路998號(關廟區公所3樓頂)
山上 (Shanshang),120.32770000000001,22.963,臺南市山上區豐德里隙子口5之1號(中油豐德供油中心2樓頂)
安平 (Anping),120.3632,23.0757,臺南市安平區城平路2號(台江國家公園管理處)
左鎮 (Zuozhen),120.15210000000002,22.9931,臺南市安平區城平路2號(台江國家公園管理處)
白河 (Baihe),120.4085,23.0567,臺南市白河區中山路6號(白河消防分隊)
學甲 (Xuejia),120.41439999999999,23.3474,臺南市白河區中山路6號(白河消防分隊)
鹽水 (Yanshui),120.1821,23.2303,臺南市鹽水區竹埔里1號(竹埔派出所)
關子嶺 (Guanziling),120.2476,23.2726,臺南市鹽水區竹埔里1號(竹埔派出所)
新營 (Xinying),120.50800000000001,23.3311,臺南市白河區關嶺里94-3號(仙草國小關嶺分校)
後壁 (Houbi),120.31659999999998,23.3106,臺南市後壁區後壁里129號(後壁圖書館)
將軍 (Jiangjun),120.36230000000002,23.3663,臺南市後壁區後壁里129號(後壁圖書館)
北門 (Beimen),120.1357,23.2149,臺南市將軍區將貴里58號(將軍國小)
鹿寮 (Luliao),120.12540000000001,23.2677,臺南市白河區崎內里12號(鹿寮水庫)
七股 (Qigu),120.4773,23.386,臺南市白河區崎內里12號(鹿寮水庫)
鞍部 (ANBU),121.52970000000002,25.1825,臺北市北投區陽明山竹子湖路111號
臺北 (TAIPEI),121.5297,25.1825,臺北市北投區陽明山竹子湖路111號
竹子湖 (ZHUZIHU),121.51359972621492,25.036549760438056,臺北市北投區陽明山竹子湖路2號
社子 (Shezih),121.54450000000001,25.162,臺北市士林區延平北路九段212號(臺北海洋科技大學內)
天母 (Tianmu),121.5165,25.0963,臺北市士林區天母東路116號(三玉國小內)
內湖 (Neihu),121.53710000000001,25.1174,臺北市內湖區內湖路一段520號(內湖高工內)
平等 (Pingdeng),121.54699348903043,25.10758400566171,臺北市士林區平菁街101號(平等國小)
松山 (Songshan),121.57700000000001,25.1291,臺北市士林區平菁街101號(平等國小)
石牌 (Shipai),121.57475383244207,25.07860650623886,臺北市松山區敦化北路1號(臺北市松山運動中心)
大屯山 (Datunshan),121.5131,25.1155,臺北市北投區湖田段461-6地號(民航局大屯山助航臺)
文山 (Wenshan),121.56449999999998,25.0378,臺北市文山區木柵路4段159巷14-1號(博嘉國小校園內)
南港 (Nangang) (撤銷站),121.53950000000002,25.0143,臺北市大安區羅斯福路四段1號(臺灣大學大氣科學系觀測坪內)
士林 (Shihlin) (撤銷站),121.6029,25.0554,臺北市士林區延平北路6段308號(社子國小內)
大直 (Dazhi) (撤銷站),121.5735,25.106199999999998,臺北市中山區北安路420號(大直高中內)
石牌 (Shipai) (撤銷站),121.5428,25.078,臺北市中山區北安路420號(大直高中內)
板橋 (BANQIAO),121.442,24.9976,新北市板橋區大觀路二段265巷62號
淡水 (TAMSUI),121.442,24.9976,新北市淡水區中正東路42巷6號
山佳 (Shanjia),121.44890000000001,25.1648,新北市樹林區中山路3段5號(山佳國民小學校園內)
坪林 (Pinglin),121.40199999999999,24.9749,新北市樹林區中山路3段5號(山佳國民小學校園內)
四堵 (Sihdu),121.70970000000001,24.9381,新北市坪林區碧湖(北宜路旁之碧湖橋道路上行約10分鐘)
泰平 (Taiping),121.7457,24.8926,新北市雙溪區泰平里8鄰大平路43號(泰平國小分校附近)
福山 (Fushan),121.8237,24.9711,新北市雙溪區泰平里8鄰大平路43號(泰平國小分校附近)
桶後 (Tonghou),121.5028,24.7762,新北市烏來區后桶街49號孝義里5-6k處路旁
石碇 (Shihding),121.59790000000001,24.8482,新北市石碇區湳窟34號附近
火燒寮 (Huoshaoliao),121.66290000000001,24.9939,新北市平溪區東勢里
瑞芳 (Rueifang),121.7428,25.0027,新北市瑞芳區22403龍山里逢甲路360號(義方國民小學校園內)
三和 (Sanhe),121.80109999999999,25.1131,新北市金山區三和國小兩湖分校
金山 (Jinshan),121.59519999999999,25.2331,新北市金山區中興段404地號(磺港社區活動中心內)
鼻頭角 (Bitoujiao),121.64389999999999,25.2236,新北市瑞芳區鼻頭角燈塔旁
三貂角 (Sandiaojiao),121.9233,25.129,新北市貢寮區三貂角燈塔旁
大坪 (Daping),122.00199999999998,25.0076,新北市萬里區溪底里香員林6-3號
五指山 (Wujhihshan),121.6329,25.1659,新北市汐止區國軍示範公墓旁之復興廣播電台門口外
福隆 (Fulong),121.60859999999998,25.1321,新北市貢寮區東北角海岸國家風景管理處之福隆遊客中心後方
雙溪 (Shuangsi),121.942,25.0178,新北市雙溪區雙溪里社區活動中心旁花圃內
富貴角 (Fugueijiao),121.8642,25.036,新北市石門區山溪里10鄰九芎林13號旁(石門國小山溪分班附近)
汐止 (Xizhi),121.5652,25.2637,新北市汐止區大同路二段394號(汐止國中)
永和 (Yonghe),121.6587,25.0668,新北市永和區永平路205號(永平高中校園內)
五分山 (Wufengshan),121.50810000000001,25.0112,新北市瑞芳區靜安路四段1巷1號
林口 (Linkou),121.78070000000001,25.0712,新北市林口區仁愛路二段173號(林口高中內)
深坑 (Shenkeng),121.3808,25.0721,新北市深坑區文山路1段35號(深坑消防分隊樓頂)
臺中 (TAICHUNG),120.684,24.1457,臺中市北區精武路295號
梧棲 (WUQI) (撤銷站),120.68399999999998,24.1457,臺中市梧棲區臺灣大道十段2號海港大樓6樓
大肚 (Dadu),120.5233,24.256,臺中市大肚區瑞井里遊園路一段2號(臺中區監理所內)
雪山圈谷 (Xueshanjuangu),120.5721,24.1529,臺中市和平區(往雪山主峰路上9.8公里處右邊)
石岡 (Shigang),121.23630000000001,24.3885,臺中市石岡區石岡街6號 (臺中市石岡區衛生所)
中坑 (Zhongkeng),120.77760000000002,24.276,臺中市和平區中坑里中坑段39地號內
審馬陣 (Shenmazhen),120.90330000000002,24.2485,臺中市和平區南湖大山指標16.2K處(審馬陣山附近)
南湖圈谷 (Nanhuquangu),121.4203,24.3816,臺中市和平區南湖大山指標20K處(南湖主峰東峰岔路附近)
東勢 (Dongshi),121.44460000000001,24.3637,臺中市東勢區東關路647號(東勢林區管理處雙崎工作站內)
梨山 (Lishan),120.833,24.2464,臺中市和平區梨山里福壽路29號（福壽山農場）
中竹林 (Zhongzhulin),121.2436,24.2475,臺中市太平區長龍路中埔二號橋至站址直線距離約1.7km
神岡 (Shengang),120.751,24.1035,臺中市神岡區三民路639號(圳堵國小校園南側大樓屋頂平台)
大安 (Da-an),120.6583,24.2724,臺中市大安區中庄里中山南路296號(大安國小)
后里 (Houli),120.58800000000001,24.345,臺中市后里區甲后路110號(后里國小)
豐原 (Fengyuan),120.7297,24.3104,臺中市豐原區豐榮里12鄰新生北路155號(豐原國小)
大里 (Dali),120.7206,24.2543,臺中市大里區文化街120號(塗城國小)
潭子 (Tanzi),120.7013,24.0924,臺中市潭子區中山路二段435號(潭子國小)
清水 (Qingshui),120.70390000000002,24.2131,臺中市清水區護岸路37號(高美國小)
外埔 (Waipu),120.56220000000002,24.3122,臺中市清水區護岸路37號(高美國小)
龍井 (Longjing),120.7056,24.3478,臺中市龍井區西里龍門路51號(龍井國小)
富里 (Fuli),121.495,23.4551,花蓮縣豐濱鄉靜浦村活動中心後山上
下馬 (Xiama),121.1545,22.7522,臺東縣臺東市大同路106號
金峰嘉蘭 (Jialan Jinfeng),121.50310000000002,22.0811,臺東縣蘭嶼鄉椰油段1-7地號（蘭嶼燈塔旁）
延平 (Yanping),120.9608,22.5947,臺東縣金峰鄉嘉蘭村12鄰665號(金峰鄉嘉蘭村活動中心)
石寧山 (Shiningshan),121.084,22.9025,臺東縣臺東縣延平鄉昇平路75號(延平消防分隊)
七塊厝 (Qikuaicuo),121.4066,23.2237,臺東縣長濱鄉寧埔村石寧山附近山區
香蘭 (Xianglan),121.2299,22.9544,臺東縣東河鄉尚德村七塊厝產業道路附近山區
加津林 (Jiajinlin),120.9933,22.5875,臺東縣太麻里鄉香蘭村四鄰28號 (香蘭國小)
勝林山 (Shenglinshan),120.92690000000002,22.4162,臺東縣大武鄉大竹村14鄰加津林4號(舊高溪派出所)
山豬窟 (Shanzhuku),120.89379999999998,22.4304,臺東縣達仁鄉勝林山山頂停機坪旁(與大武鄉交界附近)
歷坵 (Liqiu),120.8573,22.3186,臺東縣大武鄉南興村山豬窟產業道路附近山區(梅園涼亭旁)
檳榔四格山 (Binlangsigeshan),120.89180000000002,22.5209,臺東縣金峰鄉歷坵產業道路附近山區
金崙山 (Jinlunshan),121.1093,22.81,臺東縣卑南鄉檳榔四格山山頂瞭望臺旁
都歷 (Duli),120.9596,22.5674,臺東縣成功鎮新村路25號(東部海岸國家風景區管理處)
瑞和 (Ruihe),121.3236,23.0203,臺東縣成功鎮新村路25號(東部海岸國家風景區管理處)
土坂 (Tuban),121.1566,22.9743,臺東縣臺東市知本路2段291巷299號
下馬 (Siama) (撤銷站),121.22790000000002,22.8783,臺東縣東河鄉都蘭村431號(都蘭國民小學操場旁)
車城 (Checheng),120.8367,22.076,屏東縣滿州鄉長樂村大公路14號(往南仁山方向)
牡丹 (Mudan),120.7162,22.0744,屏東縣車城鄉福興村中山路66號(車城國小)
枋寮 (Fangliao),120.5434,22.5848,屏東縣竹田鄉中正路123號(竹田鄉公所清潔隊)
楓港 (Fenggang),120.59060000000001,22.3677,屏東縣枋寮鄉枋寮村德興路197號(枋寮國小)
佳樂水 (Jialeshui),120.69209999999998,22.1901,屏東縣枋山鄉善餘村光復路24號(楓港國小)
墾丁 (Kenting),120.8616,21.9935,屏東縣滿州鄉佳樂水風景區內
枋山 (Fangshan),120.81020000000001,21.9667,屏東縣枋山鄉中山路三段52號(加祿國小)
旭海 (Xuhai),120.83890000000001,21.9316,屏東縣恆春助航台(NDB歸航台)
大漢山 (Dahanshan),120.8412,22.1683,屏東縣春日鄉大漢山頂
車城 (Checheng) (撤銷站),120.8589,22.2389,屏東縣牡丹鄉(潮州事業區46林班地)電信轉播站後方
牡丹 (Mudan) (撤銷站),120.66099999999999,22.2468,屏東縣枋山鄉中山路三段52號加祿國小成功分班內（廢校中）
大漢山 (Da-Han_Shan) (撤銷站),120.7926,22.13,屏東縣牡丹鄉恆春事業區第二五林班(199縣道23k-23.5k間之側坡地上)
線西 (xianxi),120.48439999999998,24.1489,彰化縣伸港鄉新港村和平路60號(新港國小)
花壇 (Huatan),120.4435,24.1433,彰化縣線西鄉慶福路300號（彰濱工業區線西服務大樓內)
楠梓 (Nanzi),120.2949,22.797,
知本（水試所） (Zhiben (FRI)),121.1566,22.9743,臺東縣臺東市知本路2段291巷299號
達仁林場 (Darenlinchang),120.8875,22.4531,臺東縣達仁鄉土坂村1鄰10號(土坂國民小學操場旁)
龍磐 (Longpan),120.661,22.2468,屏東縣枋山鄉中山路三段52號(加祿國小)
大坪頂 (Dapingding),120.8876,22.2054,屏東縣牡丹鄉旭海大草原步道旁
獅子 (Shizi),120.6935,22.0246,屏東縣恆春鎮大坪頂電信機房旁
四林格山 (Silingeshan),120.7052,22.2015,屏東縣獅子鄉楓林村2巷26號
南仁湖 (Nanrenhu),120.7944,22.0787,屏東縣牡丹鄉四林格山遊樂區第2涼亭旁大草原
保力 (Baoli),120.8633,22.0846,屏東縣滿州鄉南仁湖步道4K山頂觀測站旁
滿州 (Manzhou),120.7641,22.0711,屏東縣車城鄉保力村竹社路5號
九棚 (Jiupeng),120.8398,22.0244,屏東縣滿州鄉文化路32號
丹路 (Danlu),120.8892,22.1419,屏東縣牡丹鄉九棚中科院基地
內獅 (Neishi),120.7509,22.2044,屏東縣獅子鄉丹路一巷1號
白鷺 (Bailu),120.6429,22.305,屏東縣獅子鄉內獅村1號(內獅國小)
高士 (Gaoshi),120.6662,22.4542,屏東縣來義鄉白鷺大橋沿白鷺道路5.5公里處
牡丹池山 (Mudanchisahn),120.8367,22.1218,屏東縣牡丹鄉高士社區進水廠水塔頂
新美 (Shinmei),120.6416,23.2418,嘉義縣大埔鄉溪頭段1地號
田中 (TianZhong),120.58119999999998,23.8738,彰化縣田中鎮中潭里4鄰高鐵三路1段167號
卓蘭 (Zhuolan),120.8647,24.637,苗栗縣苗栗市中正路241號(建功國小)
三義 (Sanyi),120.826,24.6072,苗栗縣後龍鎮高鐵三路268號(高鐵苗栗站外)
烏石坑 (Shinmei),121.2686,24.3887,臺中市和平區東崎路2段烏石巷109號
柳營 (Liuying),120.0862,23.1472,臺南市七股區鹽埕237-11號(氣象局七股雷達站區內)
恆春 (HENGCHUN),120.7463,22.0038,屏東縣恆春鎮天文路50號
尾寮山 (Weiliaoshan),120.7463,22.0038,屏東縣恆春鎮天文路50號
阿禮 (Ali),120.6838,22.8331,屏東縣三地門鄉口社檢查站車程約2小時(尾寮山瞭望台旁)
瑪家 (Majia),120.74359999999999,22.7429,屏東縣霧台鄉(屏東事業區第46林班)由山地文化村開車約2小時需徒步轉波站前面
三地門 (Sandimen),120.68659999999998,22.6829,屏東縣瑪家鄉瑪家村4鄰24號(後山)
鹽埔 (yanpuxinwei),120.6399,22.7098,屏東縣內埔鄉水門村成功路83號(國立內埔高級農工職業學校內)
屏東 (Pingdong),120.53070000000001,22.7395,屏東縣內埔鄉水門村成功路83號(國立內埔高級農工職業學校內)
赤山 (Chishan),120.494,22.6602,屏東縣屏東市復興路245號(台灣糖業公司屏東區處場區內)
潮州 (Chaojhou),120.61429999999999,22.5923,屏東縣萬巒鄉建興路40號（赤山國小）
來義 (Laiyi),120.53999999999999,22.5343,屏東縣潮州鎮光春路290號(屏東縣立光春國民中學內)
福山植物園 (Fushan Botanical Garden),121.6283,25.0027,新北市烏來區福山植物園內(生活植物區之民俗植物區觀測坪)
五股 (Wugu),121.58130000000001,24.7607,新北市五股區外寮路12號
屈尺 (Quchi),121.42719999999998,25.0744,新北市新店區屈尺路83號(衛福部北區老人之家)
白沙灣 (Baishawan),121.54470000000002,24.9218,新北市石門區德茂里下員坑33-6號（白沙灣遊客中心樓頂）
三重 (Sanchong),121.51900000000002,25.2831,新北市三重區環河南路100號
三峽 (Sanshia),121.8622,25.1236,新北市三峽區復興路238號(三峽國中校園內)
新莊 (Xinzhuang),121.3697,24.939,新北市新莊區中和街193號(榮富國小校園內)
三芝 (Sanzhi),121.44669999999999,25.0514,新北市三芝區育英路22號(三芝國小內)
八里 (Bali),121.5019,25.2581,新北市八里區中山路二段338號(八里國小內)
蘆洲 (Lujhou),121.40389999999998,25.1502,新北市蘆洲區三民路96號(三民高中內)
土城 (Tucheng),121.4723,25.0865,新北市土城區金城路一段90號(新北市政府消防局土城分隊大樓樓頂)
鶯歌 (Yingge),121.44509999999998,24.9732,新北市鶯歌區尖山埔路106號(鶯歌國小內)
中和 (Zhonghe),121.3462,24.9515,新北市中和區錦和路163號(錦和高中內)
