,ID,name,long,lat,location
0,466910,鞍部 (ANBU),121.5297,25.1825,臺北市北投區陽明山竹子湖路111號
1,466920,臺北 (TAIPEI),121.5148,25.0376,臺北市北投區陽明山竹子湖路111號
2,466921,臺北(師院) (TAIPEI) (撤銷站),121.5148,25.0376,臺北市中正區公園路64號
3,466930,竹子湖 (ZHUZIHU),121.5445,25.1620,臺北市北投區陽明山竹子湖路2號
4,C0A980,社子 (Shezih),121.4696,25.1095,臺北市士林區延平北路九段212號(臺北海洋科技大學內)
5,C0A770,科教館 (Science Education Center),121.5165,25.0963,臺北市士林區延平北路九段212號(臺北海洋科技大學內)
6,C0A9C0,天母 (Tianmu),121.5371,25.1174,臺北市士林區天母東路116號(三玉國小內)
7,C0A9F0,內湖 (Neihu),121.5754,25.0794,臺北市內湖區內湖路一段520號(內湖高工內)
8,C0AH40,平等 (Pingdeng),121.5770,25.1291,臺北市士林區平菁街101號(平等國小)
9,C0AH70,松山 (Songshan),121.5504,25.0487,臺北市士林區平菁街101號(平等國小)
10,C0AI40,石牌 (Shipai),121.5504,25.0487,臺北市松山區敦化北路1號(臺北市松山運動中心)
11,C0AC40,大屯山 (Datunshan),121.5224,25.1756,臺北市北投區湖田段461-6地號(民航局大屯山助航臺)
12,C0AC70,信義 (Xinyi),121.5645,25.0378,臺北市信義區市府路1號(台北市政府頂樓)
13,C0AC80,文山 (Wenshan),121.5757,25.0023,臺北市文山區木柵路4段159巷14-1號(博嘉國小校園內)
14,C1AC50,關渡 (Guandu),121.5757,25.1334,臺北市文山區木柵路4段159巷14-1號(博嘉國小校園內)
15,C1AI50,國三N016K (Freeway No. 3 N016K),121.6196,25.0341,臺北市國道3號北向16.51K
16,C1A730,公館 (Gongguan) (撤銷站),121.5395,25.0143,臺北市大安區羅斯福路四段1號(臺灣大學大氣科學系觀測坪內)
17,C0A9G0,南港 (Nangang) (撤銷站),121.6029,25.0554,臺北市大安區羅斯福路四段1號(臺灣大學大氣科學系觀測坪內)
18,C0A9E0,士林 (Shihlin) (撤銷站),121.5030,25.0902,臺北市士林區延平北路6段308號(社子國小內)
19,C0A990,大崙尾山 (Dalunweishan) (撤銷站),121.5735,25.1062,臺北市內湖區大崙尾山(內雙溪森林公園)
20,C0A9A0,大直 (Dazhi) (撤銷站),121.5428,25.0780,臺北市中山區北安路420號(大直高中內)
21,C0A9B0,石牌 (Shipai) (撤銷站),121.5138,25.1163,臺北市中山區北安路420號(大直高中內)
22,466880,板橋 (BANQIAO),121.4420,24.9976,新北市板橋區大觀路二段265巷62號
23,466900,淡水 (TAMSUI),121.4489,25.1648,新北市淡水區中正東路42巷6號
24,C0A520,山佳 (Shanjia),121.4020,24.9749,新北市樹林區中山路3段5號(山佳國民小學校園內)
25,C0A530,坪林 (Pinglin),121.7097,24.9381,新北市樹林區中山路3段5號(山佳國民小學校園內)
26,C0A540,四堵 (Sihdu),121.7457,24.8926,新北市坪林區碧湖(北宜路旁之碧湖橋道路上行約10分鐘)
27,C0A550,泰平 (Taiping),121.8237,24.9711,新北市雙溪區泰平里8鄰大平路43號(泰平國小分校附近)
28,C0A560,福山 (Fushan),121.8237,24.9711,新北市雙溪區泰平里8鄰大平路43號(泰平國小分校附近)
29,C0A570,桶後 (Tonghou),121.5979,24.8482,新北市烏來區后桶街49號孝義里5-6k處路旁
30,C0A640,石碇 (Shihding),121.6629,24.9939,新北市石碇區湳窟34號附近
31,C0A650,火燒寮 (Huoshaoliao),121.7428,25.0027,新北市平溪區東勢里
32,C0A660,瑞芳 (Rueifang),121.8011,25.1131,新北市瑞芳區22403龍山里逢甲路360號(義方國民小學校園內)
33,C0A931,三和 (Sanhe),121.5952,25.2331,新北市金山區三和國小兩湖分校
34,C0A940,金山 (Jinshan),121.6439,25.2236,新北市金山區中興段404地號(磺港社區活動中心內)
35,C0A950,鼻頭角 (Bitoujiao),121.9233,25.1290,新北市瑞芳區鼻頭角燈塔旁
36,C0A970,三貂角 (Sandiaojiao),122.0020,25.0076,新北市貢寮區三貂角燈塔旁
37,C0A860,大坪 (Daping),121.6329,25.1659,新北市萬里區溪底里香員林6-3號
38,C0A870,五指山 (Wujhihshan),121.6086,25.1321,新北市汐止區國軍示範公墓旁之復興廣播電台門口外
39,C0A880,福隆 (Fulong),121.9420,25.0178,新北市貢寮區東北角海岸國家風景管理處之福隆遊客中心後方
40,C0A890,雙溪 (Shuangsi),121.8642,25.0360,新北市雙溪區雙溪里社區活動中心旁花圃內
41,C0A920,富貴角 (Fugueijiao),121.5652,25.2637,新北市石門區山溪里10鄰九芎林13號旁(石門國小山溪分班附近)
42,C0AH00,汐止 (Xizhi),121.6587,25.0668,新北市汐止區大同路二段394號(汐止國中)
43,C0AH10,永和 (Yonghe),121.5081,25.0112,新北市永和區永平路205號(永平高中校園內)
44,C0AH30,五分山 (Wufengshan),121.7807,25.0712,新北市瑞芳區靜安路四段1巷1號
45,C0AH50,林口 (Linkou),121.3808,25.0721,新北市林口區仁愛路二段173號(林口高中內)
46,C0AH80,深坑 (Shenkeng),121.6283,25.0027,新北市深坑區文山路1段35號(深坑消防分隊樓頂)
47,C0AH90,福山植物園 (Fushan Botanical Garden),121.5813,24.7607,新北市烏來區福山植物園內(生活植物區之民俗植物區觀測坪)
48,C0AI00,五股 (Wugu),121.4272,25.0744,新北市五股區外寮路12號
49,C0AI10,屈尺 (Quchi),121.5447,24.9218,新北市新店區屈尺路83號(衛福部北區老人之家)
50,C0AI20,白沙灣 (Baishawan),121.5190,25.2831,新北市石門區德茂里下員坑33-6號（白沙灣遊客中心樓頂）
51,C0AI30,三重 (Sanchong),121.5006,25.0573,新北市三重區環河南路100號
52,C0AJ10,澳底 (AODI),121.9272,25.0571,新北市貢寮區新港街128號(澳底第16海巡隊樓頂)
53,C0AJ20,野柳 (YEHLIOU),121.6900,25.2070,新北市萬里區野柳村151-1號(野柳守望哨雷達塔)
54,C0AJ30,淡水觀海 (DANSHUEI GUANHAI),121.4086,25.1845,新北市淡水區觀海路251號(淡水第2海巡隊樓頂)
55,C0AJ40,石門 (SHIMEN),121.6011,25.2736,新北市石門區草里里草埔尾5號(黃金海岸高爾夫球場)
56,C0AJ50,水湳洞 (SHUINANDONG),121.8622,25.1236,新北市瑞芳區水湳洞段00197-000建號(水湳洞犬區隊)
57,C0AC60,三峽 (Sanshia),121.3697,24.9390,新北市三峽區復興路238號(三峽國中校園內)
58,C0ACA0,新莊 (Xinzhuang),121.4467,25.0514,新北市新莊區中和街193號(榮富國小校園內)
59,C0AD00,三芝 (Sanzhi),121.5019,25.2581,新北市三芝區育英路22號(三芝國小內)
60,C0AD10,八里 (Bali),121.4039,25.1502,新北市八里區中山路二段338號(八里國小內)
61,C0AD30,蘆洲 (Lujhou),121.4723,25.0865,新北市蘆洲區三民路96號(三民高中內)
62,C0AD40,土城 (Tucheng),121.4451,24.9732,新北市土城區金城路一段90號(新北市政府消防局土城分隊大樓樓頂)
63,C0AD50,鶯歌 (Yingge),121.3462,24.9515,新北市鶯歌區尖山埔路106號(鶯歌國小內)
64,C0AG80,中和 (Zhonghe),121.4917,24.9916,新北市中和區錦和路163號(錦和高中內)
65,C1A630,下盆 (Siapen),121.5386,24.7710,新北市烏來區東勢溪中游(步行一小時)
66,C1A750,石碇服務區 (Shiding Service Area),121.6462,25.0087,新北市新北市石碇區文山路一段2號
67,C1A760,坪林交控 (Pinglin Traffic Control Center),121.7134,24.9428,新北市新北市坪林區坪雙路一段52號
68,C1A9N0,四十份 (Sihshihfen),121.5932,24.9341,新北市新店區北宜路旁(文山事業區第四林班)
69,C1AI60,國一N039K (Freeway No. 1 N039K),121.3838,25.0643,新北市新店區北宜路旁(文山事業區第四林班)
70,C0AG90,中和 (Zhonghe) (撤銷站),121.4904,24.9926,新北市國道1號北向39.32K
71,C0AD20,深坑 (Shenkeng) (撤銷站),121.6175,25.0013,新北市深坑區文化街45號(深坑國小內)
72,C0AC90,中和 (Zhonghe) (撤銷站),121.6175,25.0013,新北市深坑區文化街45號(深坑國小內)
73,C0A9I0,三重 (Sanchong) (撤銷站),121.4884,25.0640,新北市三重區中正北路107號(明志國中校園內)
74,C0A9D0,永和 (Yonghe) (撤銷站),121.5047,25.0089,新北市永和區保生路25號(永平國民小學校園內)
75,C0A930,三和 (Sanhe) (撤銷站),121.5940,25.2348,新北市金山區兩湖里(距兩湖分校約300公尺)
76,C0A680,五股 (Wugu) (撤銷站),121.4349,25.0833,新北市五股區248成泰路二段49巷15號(五股國中校園內)
77,C0A710,林口 (Linkou) (撤銷站),121.3782,25.0763,新北市林口區民治路25號(林口國中校園內)
78,C0A580,屈尺 (Cyuchih) (撤銷站),121.5463,24.9224,新北市新店區屈尺里10鄰屈尺路55號(屈尺國民小學國小校園內)
79,C0A590,大尖山 (Dajianshan) (撤銷站),121.6660,25.0515,新北市汐止區勤進路
80,467490,臺中 (TAICHUNG),120.6840,24.1457,臺中市北區精武路295號
81,467770,梧棲 (WUQI) (撤銷站),120.5233,24.2560,臺中市梧棲區臺灣大道十段2號海港大樓6樓
82,C0F000,大肚 (Dadu),120.5721,24.1529,臺中市大肚區瑞井里遊園路一段2號(臺中區監理所內)
83,C0F0A0,雪山圈谷 (Xueshanjuangu),121.2363,24.3885,臺中市和平區(往雪山主峰路上9.8公里處右邊)
84,C0F0B0,石岡 (Shigang),120.7776,24.2760,臺中市石岡區石岡街6號 (臺中市石岡區衛生所)
85,C0F0C0,中坑 (Zhongkeng),120.9033,24.2485,臺中市和平區中坑里中坑段39地號內
86,C0F0D0,審馬陣 (Shenmazhen),121.4203,24.3816,臺中市和平區南湖大山指標16.2K處(審馬陣山附近)
87,C0F0E0,南湖圈谷 (Nanhuquangu),121.4446,24.3637,臺中市和平區南湖大山指標20K處(南湖主峰東峰岔路附近)
88,C0F850,東勢 (Dongshi),120.8330,24.2464,臺中市東勢區東關路647號(東勢林區管理處雙崎工作站內)
89,C0F861,梨山 (Lishan),121.2436,24.2475,臺中市和平區梨山里福壽路29號（福壽山農場）
90,C0F9A0,中竹林 (Zhongzhulin),120.7510,24.1035,臺中市太平區長龍路中埔二號橋至站址直線距離約1.7km
91,C0F9I0,神岡 (Shengang),120.6583,24.2724,臺中市神岡區三民路639號(圳堵國小校園南側大樓屋頂平台)
92,C0F9K0,大安 (Da-an),120.5880,24.3450,臺中市大安區中庄里中山南路296號(大安國小)
93,C0F9L0,后里 (Houli),120.7297,24.3104,臺中市后里區甲后路110號(后里國小)
94,C0F9M0,豐原 (Fengyuan),120.7206,24.2543,臺中市豐原區豐榮里12鄰新生北路155號(豐原國小)
95,C0F9N0,大里 (Dali),120.7013,24.0924,臺中市大里區文化街120號(塗城國小)
96,C0F9O0,潭子 (Tanzi),120.7039,24.2131,臺中市潭子區中山路二段435號(潭子國小)
97,C0F9P0,清水 (Qingshui),120.5622,24.3122,臺中市清水區護岸路37號(高美國小)
98,C0F9Q0,外埔 (Waipu),120.5622,24.3122,臺中市清水區護岸路37號(高美國小)
99,C0F9R0,龍井 (Longjing),120.5289,24.1845,臺中市龍井區西里龍門路51號(龍井國小)
100,C0F9S0,烏日 (Wuri),120.5289,24.1070,臺中市龍井區西里龍門路51號(龍井國小)
101,C0F9T0,西屯 (Xitun),120.6412,24.1794,臺中市西屯區西屯路二段300號(西屯國小)
102,C0F9U0,南屯 (Nantun),120.6379,24.1370,臺中市南屯區黎明路一段968號(南屯國小)
103,C0F9V0,新社 (Xinshe),120.8158,24.2001,臺中市南屯區黎明路一段968號(南屯國小)
104,C0F9X0,大雅(中科園區) (Daya),120.6244,24.2152,臺中市大雅區中部科學工業園區臺中園區(汙水處理機房樓頂)
105,C0F9Y0,桃山 (Taoshan),121.3038,24.4327,臺中市和平區(位於往桃山山屋叉路解說牌附近)
106,C0F9Z0,雪山東峰 (Xueshandongfeng),121.2686,24.3887,臺中市和平區(位於雪山東峰直升機停機坪東南東方60公尺處)
107,C0FA00,烏石坑 (Shinmei),120.9476,24.2735,臺中市和平區東崎路2段烏石巷109號
108,C0FA10,松柏 (SONGBAI),120.6174,24.4291,臺中市大甲區順帆路233號(松柏安檢所樓頂)
109,C0FA20,溫寮 (WUNLIAO),120.5831,24.3721,臺中市大安區中山北路1巷67號(臺中大安區里民活動中心樓頂)
110,C0FA30,梧棲 (WUQI),120.5233,24.2560,臺中市梧棲區臺灣大道十段2號海港大樓6樓
111,C0F930,大甲 (Dajia),120.6404,24.3476,臺中市大甲區開元路71號(大甲高級工業職業學校內)
112,C0F970,大坑 (Dakeng),120.7222,24.1731,臺中市北屯區軍福十三路268號(東山消防分隊)
113,C1F871,上谷關 (Shangguguan),121.0186,24.2034,臺中市和平區(博愛國小谷關分校附近)
114,C1F891,稍來 (Shaolai),121.0011,24.2656,臺中市和平區八仙山事業區49林班地船型山苗圃廢棄觀測坪附近
115,C1F911,新伯公 (Xinbogong),120.8410,24.2213,臺中市東勢區詒福段163地號(台電公司門前右前方)
116,C1F941,雪嶺 (Xueling),121.0266,24.2805,臺中市和平區雪嶺地區八仙山事業區60林班地小雪山莊後方水塔後山頂
117,C1F9B1,桐林 (Tonglin),120.7351,24.0661,臺中市霧峰區桐林里民生路(桐林國小斜對面)
118,C1F9C1,白冷 (Baileng),120.9298,24.1828,臺中市和平區天輪里天輪巷42號(臺中市和平區白冷國民小學校園內)
119,C1F9D1,白毛台 (Baimaotai),120.9298,24.1828,臺中市和平區天輪里天輪巷42號(臺中市和平區白冷國民小學校園內)
120,C1F9E1,龍安 (Long-an),120.8319,24.1605,臺中市新社區中和里內(距龍安橋約1.2k處)
121,C1F9G1,慶福山 (Cingfushan),120.8483,24.1808,臺中市東勢區(台8線10.5k往馬鞍農場方向.車程約半小時)
122,C1F9J1,清水林 (Qingshuilin),120.8204,24.0712,臺中市太平區136縣道9.5k處旁約500公尺
123,C1F9W0,德基 (Deji),121.1902,24.2547,臺中市和平區台8甲線69-70k處，彎入勝利路接翠巒產業道路約6.2km，路邊白色水塔旁
124,C1F9F1,伯公龍 (Bogonglong),120.8490,24.2723,臺中市東勢區勢林街(宏覺寺旁)
125,C1F9G0,慶福山 (Cingfushan) (撤銷站),120.8478,24.1810,臺中市東勢區(台8線10.5k往馬鞍農場方向車程約半小時)
126,C1F9H0,烏石坑 (Wushihkeng) (撤銷站),120.9456,24.2790,臺中市和平區大安溪事業區第122林班之烏石坑苗圃內
127,C1F9H1,烏石坑 (Wushikeng) (撤銷站),120.9458,24.2790,臺中市和平區大安溪事業區第122林班之烏石坑苗圃內
128,C1F9I0,神岡 (Shengang) (撤銷站),120.6587,24.2726,臺中市和平區大安溪事業區第122林班之烏石坑苗圃內
129,C1F9J0,清水林 (Cingshueilin) (撤銷站),120.8203,24.0715,臺中市太平區136縣道9.5k處旁約500公尺
130,C1F9F0,伯公龍 (Bogonglong) (撤銷站),120.8492,24.2724,臺中市東勢區勢林街(宏覺寺旁)
131,C1F9E0,龍安 (Long-an) (撤銷站),120.8320,24.1601,臺中市新社區中和里內(距龍安橋約1.2k處)
132,C1F9D0,白毛台 (Baimaotai) (撤銷站),120.8870,24.1582,臺中市新社區福興里福民路13號旁
133,C1F9C0,白冷 (Baileng) (撤銷站),120.9298,24.1826,臺中市和平區天輪里天輪巷42號(臺中市和平區白冷國民小學校園內)
134,C1F970,大坑 (Dakeng) (撤銷站),120.7362,24.1715,臺中市北屯區40605廓子里廓子巷11號(中台科技大學校園內)
135,C1F9A0,中竹林 (Jhongjhulin) (撤銷站),120.7514,24.1037,臺中市太平區長龍路中埔二號橋至站址直線距離約1.7km
136,C1F9B0,桐林 (Tonglin) (撤銷站),120.7353,24.0662,臺中市霧峰區桐林里民生路(桐林國小斜對面)
137,C1F920,石岡 (Shihgang) (撤銷站),120.7703,24.2796,臺中市石岡區石岡里豐勢路1238號(石岡壩管理中心內)
138,C1F930,大甲 (Dajia) (撤銷站),120.6420,24.3510,臺中市大甲區開元路71號(大甲高級工業職業學校內)
139,C1F940,雪嶺 (Xueling) (撤銷站),121.0267,24.2807,臺中市和平區雪嶺地區八仙山事業區60林班地小雪山莊後方水塔後山頂
140,C1F910,新伯公 (Xinbogong) (撤銷站),120.8409,24.2215,臺中市東勢區詒福段163地號(台電公司門前右前方)
141,C1F890,稍來 (Shaolai) (撤銷站),121.0012,24.2657,臺中市東勢區詒福段163地號(台電公司門前右前方)
142,C1F000,大肚 (Dadu) (撤銷站),120.5726,24.1529,臺中市和平區八仙山事業區49林班地船型山苗圃廢棄觀測坪附近
143,C1F850,東勢 (Dongshih) (撤銷站),120.8334,24.2462,臺中市東勢區東關路647號(東勢林區管理處雙崎工作站內)
144,C1F870,上谷關 (Shangguguan) (撤銷站),121.0189,24.2032,臺中市和平區(博愛國小谷關分校附近)
145,C0F990,橫山 (Hengshan) (撤銷站),120.6073,24.2191,臺中市大雅區橫山通山路46號(台中高爾球場辦公室後面)
146,C0F900,雙崎 (Shuangqi) (撤銷站),120.9042,24.2885,臺中市和平區自由里東崎路2段116號內
147,C0F920,石岡 (Shigang) (撤銷站),120.7702,24.2801,臺中市石岡區石岡里豐勢路1238號(石岡壩管理中心內)
148,467410,臺南 (TAINAN),120.2047,22.9932,臺南市中西區公園路21號
149,467420,永康 (YONGKANG),120.2367,23.0383,臺南市永康區鹽行里正南五街520巷88號
150,467780,七股 (QIGU) (撤銷站),120.0861,23.1470,臺南市七股區鹽埕237-11號
151,C0O810,曾文 (Cengwen),120.4973,23.2196,臺南市楠西區曾文新村(曾文水庫管理局內)
152,C0O830,北寮 (Beiliao),120.4950,23.0795,臺南市南化區北寮里48-4號
153,C0O840,王爺宮 (Wangyegong),120.4008,23.2220,臺南市六甲區王爺里24號（六甲國小湖東分校）
154,C0O860,大內 (Danei),120.3608,23.1188,臺南市大內區74201大內里63號(大內國民小學)
155,C0O900,善化 (Shanhua),120.2972,23.1128,臺南市善化區益民寮60號(亞洲蔬菜研究發展中心內)
156,C0O930,玉井 (Yujing),120.4605,23.1260,臺南市玉井區台灣糖業公司玉井糖廠
157,C0O950,安南 (Annan),120.1448,23.0766,臺南市安南區公學路6段589號(學東國民小學內)
158,C0O960,崎頂 (Qiding),120.3693,22.9595,臺南市龍崎區中坑里5鄰13號
159,C0O970,虎頭埤 (Hutoupi),120.3478,23.0213,臺南市新化區口埤18號(新化分場)
160,C0O980,新市 (Xinshi),120.2981,23.0616,臺南市新化區口埤18號(新化分場)
161,C0O990,媽廟 (Mamiao),120.2981,23.0616,臺南市新市區永就里53號(番子寮農場)
162,C0X050,東河 (Donghe),120.3856,23.2965,臺南市東山區東河里54號(東河水利工作站)
163,C0X060,下營 (Xiaying),120.2562,23.2269,臺南市下營區仁里里下營國小附近
164,C0X080,佳里 (Jiali),120.1450,23.1730,臺南市佳里區西方之埔尾，近七股區之篤加
165,C0X100,臺南市北區 (Beiqu Tainan City),120.1942,23.0103,臺南市佳里區西方之埔尾，近七股區之篤加
166,C0X110,臺南市南區 (Nanqu Tainan City),120.1883,22.9611,臺南市北區文賢路678號(和緯消防分隊)
167,C0X120,麻豆 (Madou),120.2486,23.1832,臺南市南區明興路2號(南區區公所)
168,C0X130,官田 (Guantian),120.2486,23.1832,臺南市麻豆區興國路9號(麻豆消防分隊5樓頂)
169,C0X140,西港 (Xigang),120.3154,23.1932,臺南市官田區中山路一段132號(官田區公所)
170,C0X150,安定 (Anding),120.2031,23.1256,臺南市西港區中山路450號(西港消防分隊4樓頂)
171,C0X160,仁德 (Rende),120.2576,22.9682,臺南市安定區南安里33-11號(安定消防分隊)
172,C0X170,關廟 (Guanmiao),120.3277,22.9630,臺南市關廟區中正路998號(關廟區公所3樓頂)
173,C0X180,山上 (Shanshang),120.3632,23.0757,臺南市山上區豐德里隙子口5之1號(中油豐德供油中心2樓頂)
174,C0X190,安平 (Anping),120.1521,22.9931,臺南市安平區城平路2號(台江國家公園管理處)
175,C0X200,左鎮 (Zuozhen),120.4085,23.0567,臺南市安平區城平路2號(台江國家公園管理處)
176,C0X210,白河 (Baihe),120.4144,23.3474,臺南市白河區中山路6號(白河消防分隊)
177,C0X220,學甲 (Xuejia),120.1821,23.2303,臺南市白河區中山路6號(白河消防分隊)
178,C0X230,鹽水 (Yanshui),120.2476,23.2726,臺南市鹽水區竹埔里1號(竹埔派出所)
179,C0X240,關子嶺 (Guanziling),120.5080,23.3311,臺南市鹽水區竹埔里1號(竹埔派出所)
180,C0X250,新營 (Xinying),120.3166,23.3106,臺南市白河區關嶺里94-3號(仙草國小關嶺分校)
181,C0X260,後壁 (Houbi),120.3623,23.3663,臺南市後壁區後壁里129號(後壁圖書館)
182,C0X280,將軍 (Jiangjun),120.3623,23.3663,臺南市後壁區後壁里129號(後壁圖書館)
183,C0X290,北門 (Beimen),120.1357,23.2677,臺南市將軍區將貴里58號(將軍國小)
184,C0X300,鹿寮 (Luliao),120.4773,23.3860,臺南市白河區崎內里12號(鹿寮水庫)
185,C0X310,七股 (Qigu),120.4773,23.3860,臺南市白河區崎內里12號(鹿寮水庫)
186,C0X320,柳營 (Liuying),120.0862,23.2533,臺南市七股區鹽埕237-11號(氣象局七股雷達站區內)
187,C1N001,沙崙 (Shalun),120.3094,22.9354,臺南市歸仁區沙崙里184號北沙崙農場
188,C1O921,楠西 (Nanxi),120.4840,23.1835,臺南市楠西區中興路107號(楠西國民中學內)
189,C1O940,東山服務區 (Dongshan Service Area),120.3984,23.2860,臺南市國道3號北向319.9K
190,C1O850,環湖 (Huanhu),120.4186,23.1486,臺南市國道3號北向319.9K
191,C1O870,大棟山 (Dadongshan),120.5222,23.3115,臺南市白河區大棟山三角點
192,C1O880,關山 (Guanshan),120.5940,23.1733,臺南市白河區大棟山三角點
193,C1X040,東原 (Dongyuan),120.4638,23.2915,臺南市東山區高原里4鄰31號後方果園
194,C1X050,東河 (Donghe) (撤銷站),120.3853,23.2968,臺南市東山區東河里吉貝耍64號(東河水利工作站)
195,C1X060,下營 (Shiaying) (撤銷站),120.2562,23.2269,臺南市下營區仁里里下營國小附近
196,C1X070,北門 (Beimen) (撤銷站),120.2562,23.2682,臺南市下營區仁里里下營國小附近
197,C1X090,七股 (Ciguliao) (撤銷站),120.1460,23.1418,臺南市北門區北門里舊悜119號(北門電信局後方觀測坪)
198,C1X010,岸內 (Annei) (撤銷站),120.2605,23.3298,臺南市七股區昭明國中後方
199,C1X030,白河 (Baihe) (撤銷站),120.4290,23.3251,臺南市鹽水區岸內里96號
200,C1O920,楠西 (Nanxi) (撤銷站),120.4844,23.1832,臺南市楠西區中興路107號(楠西國民中學內)
201,C1O860,大內 (Danei) (撤銷站),120.3614,23.1201,臺南市大內區74201大內里63號(大內國民小學)
202,C1O950,和順 (Heshun) (撤銷站),120.1447,23.0765,臺南市安南區公學路6段589號(學東國民小學分校內)
203,C1O960,崎頂 (Ciding) (撤銷站),120.3689,22.9596,臺南市安南區公學路6段589號(學東國民小學分校內)
204,C1O970,虎頭埤 (Hutoupi) (撤銷站),120.3478,23.0213,臺南市新化區口埤18號(新化分場)
205,C1O980,新市 (Xinshi) (撤銷站),120.2986,23.0621,臺南市新市區永就里53號(番子寮農場)
206,C1O990,媽廟 (Mazumiao) (撤銷站),120.2933,22.9915,臺南市歸仁區中正北路3段60號(保西國民小學內)
207,C1O820,左鎮 (Zuojhen) (撤銷站),120.4041,23.0551,臺南市左鎮區71301中正里7號(左鎮國民小學內)
208,C1O830,北寮 (Beiliao) (撤銷站),120.4944,23.0796,臺南市南化區北寮里48-4號
209,C1O840,王爺宮 (Wangyegong) (撤銷站),120.3992,23.2207,臺南市南化區北寮里48-4號
210,C1N000,沙崙 (Shalun) (撤銷站),120.3092,22.9357,臺南市歸仁區沙崙里184號北沙崙農場
211,C0X270,柳營 (Liuying) (撤銷站),120.3735,23.2572,臺南市柳營區果毅里61號(果毅國小)
212,C0X020,關子嶺 (Guanzihling) (撤銷站),120.5115,23.3270,臺南市白河區關嶺里
213,C0O910,新營 (Sinying) (撤銷站),120.3215,23.2922,臺南市柳營區73603太康里一號(太康段523-12號)
214,467440,高雄 (KAOHSIUNG) (撤銷站),120.3157,22.5659,高雄市前鎮區明孝里26鄰漁港南二路2號
215,467441,高雄 (Kaohsiung),120.3123,22.7305,高雄市楠梓區德民路28號
216,C0V210,復興 (Fuxing),120.8060,23.2224,高雄市桃源區復興里復興巷1鄰15號
217,C0V250,甲仙 (Jiasian),120.5917,23.0801,高雄市甲仙區(甲仙國民中學操場後方小山丘上)
218,C0V260,月眉 (Yuemei),120.5398,22.9710,高雄市杉林區月眉里山仙路1號月眉農場
219,C0V310,美濃 (Meinong),120.5191,22.8987,高雄市美濃區福安里中山路二段204巷65號(美濃區福安國小後方)
220,C0V350,溪埔 (XIPU),120.4467,22.7385,高雄市大樹區溪埔里之台29線近83K處
221,C0V360,內門 (Neimen),120.4667,22.9754,高雄市內門區木柵里木柵3號（木柵國民小學）
222,C0V370,古亭坑 (Gutingkeng),120.4019,22.8931,高雄市田寮區古亭里
223,C0V400,阿公店 (Agongdian),120.3555,22.8041,高雄市燕巢區西燕里工程路1號（阿公店水庫內）
224,C0V530,阿蓮 (Alian),120.3275,22.8832,高雄市阿蓮區阿蓮里民生路94號(阿蓮區公所)
225,C0V610,梓官 (Ziguan),120.2672,22.7605,高雄市梓官區梓官路258號(梓官區公所)
226,C0V620,永安 (Yong'an),120.2368,22.8231,高雄市永安區永安路32號(永安消防分隊)
227,C0V630,茄萣 (Qieding),120.1826,22.9066,高雄市茄萣區濱海路四段27號(茄萣區公所)
228,C0V640,湖內 (Hunei),120.2445,22.8871,高雄市湖內區中山路一段290之1號(湖街派出所)
229,C0V650,彌陀 (Mituo),120.2463,22.7838,高雄市彌陀區中正北路7號(彌陀消防分隊)
230,C0V660,岡山 (Gangshan),120.2949,22.7970,高雄市岡山區岡山路341號(岡山地政事務所)
231,C0V680,仁武 (Renwu),120.3477,22.7010,高雄市仁武區中正路133號(仁武區公所)
232,C0V690,鼓山 (Gushan),120.2755,22.6233,高雄市鼓山區臨海一路61-1號(鼓山消防分隊)
233,C0V700,三民 (Sanmin),120.3112,22.6450,高雄市三民區十全一路88號(十全消防分隊)
234,C0V710,苓雅 (LingYa),120.3306,22.6227,高雄市苓雅區三多一路162號(苓雅消防分隊)
235,C0V720,林園 (Linyuan),120.3945,22.5077,高雄市苓雅區三多一路162號(苓雅消防分隊)
236,C0V730,大寮 (Daliao),120.3957,22.6056,高雄市大寮區鳳林三路492號(大寮區公所)
237,C0V740,旗山 (Qishan),120.4835,22.8886,高雄市大寮區鳳林三路492號(大寮區公所)
238,C0V750,路竹 (Luzhu),120.2594,22.8549,高雄市路竹區國昌路76號(路竹區公所)
239,C0V760,橋頭 (Qiaotou),120.3057,22.7578,高雄市路竹區國昌路76號(路竹區公所)
240,C0V770,大社 (Dashe),120.3466,22.7303,高雄市大社區自強街1號(大社區公所)
241,C0V790,萬山 (Wanshan),120.6880,22.9059,高雄市茂林區萬山段710地號
242,C0V800,六龜 (Liugui),120.6880,22.9978,高雄市茂林區萬山段710地號
243,C0V810,左營 (Zuoying),120.2849,22.6749,高雄市左營區左營大路1號(高雄市立海青高級工商職業學校資訊大樓樓頂)
244,C0V820,小林 (Xiaolin),120.6332,23.1484,高雄市甲仙區五里路24-2號（小林國小）
245,C0V440,鳳山 (Fengshan),120.3561,22.6466,高雄市鳳山區文山路園藝巷4號（鳳山熱帶園藝試驗分所）
246,C0V450,鳳森 (Fengsen),120.3925,22.5450,高雄市小港區水庫段96-1地號（鳳山給水廠內）
247,C0V490,新興 (Sinsing),120.2988,22.6274,高雄市新興區大同一路231號(大同國小內5樓頂)
248,C1V160,達卡努瓦 (Dakanuwa),120.7053,23.2798,高雄市那瑪夏區達卡努瓦里
249,C1V170,排雲 (Paiyun),120.9541,23.4636,高雄市桃源區排雲山莊往南峰方向步行約6小時(登山口-8.5k排雲山莊-1.5k測站)
250,C1V190,南天池 (Nantianchi),120.9117,23.2740,高雄市桃源區長春祠旁之步道步行約50分鐘
251,C1V200,梅山 (Meishan),120.8235,23.2684,高雄市桃源區梅山里(梅山口遊客中心旁道路步行約10分鐘)
252,C1V220,小關山 (Xiaoguanshan),120.8136,23.1542,高雄市桃源區老濃溪事業區99林班地
253,C1V231,高中 (Gaozhong),120.8136,23.1542,高雄市桃源區老濃溪事業區99林班地
254,C1V340,大津 (Dajin),120.6459,22.8883,高雄市六龜區大津里34號(龍興國小大津分校)
255,C1V390,尖山 (Jianshan),120.3677,22.8131,高雄市燕巢區尖山里尖山巷11之1號(燕巢國小尖山分校)
256,C1V570,吉東 (JiaDong),120.5454,22.8542,高雄市美濃區吉東里吉頂路19號(吉東國小)
257,C1V580,溪南(特生中心) (Xinan),120.7884,23.0849,高雄市桃源區石山林道7k(特有生物研究保育中心中海拔試驗站)
258,C1V590,新發 (Xinfa),120.6460,23.0570,高雄市六龜區旗山事業區61林班地
259,C1V600,藤枝 (Tengzhi),120.7570,23.0719,高雄市桃源區藤枝森林遊樂區遊客中心
260,C1V780,多納林道 (Duonalindao),120.7379,22.8880,高雄市茂林區多納林道9k(林試所六龜研究中心多納苗圃)
261,C1V830,國三S383K (Freeway No. 3 S383K),120.4264,22.7819,高雄市燕巢區國道3號南向383K
262,C1V300,御油山 (Yuyoushan),120.7153,23.0019,高雄市桃源區農業委員會林業試驗所六龜分所鳳崗山苗圃觀測坪內
263,C1V320,吉東 (Jidong) (撤銷站),120.5571,22.8411,高雄市美濃區獅山里21鄰獅山街37號(高美大橋堤防邊)
264,C1V330,旗山 (Cishan) (撤銷站),120.4942,22.8776,高雄市旗山區糖廠里忠孝街33號旗山糖廠(旗尾段2052號)
265,C1V400,竹子腳 (Jhuzihjiao) (撤銷站),120.3433,22.8129,高雄市燕巢區西燕里工程路1號(阿公店水庫內)
266,C1V410,岡山 (Gangshan) (撤銷站),120.2976,22.7551,高雄市橋頭區新莊里仕元路左邊一號白樹子農場(橋頭區白樹子段1035號)
267,C1V420,鳳雄 (Fongsyong) (撤銷站),120.3525,22.7507,高雄市大社區保社里民權路126號鳳山厝農場(大社區保舍甲段1037號)
268,C1V430,左營 (Zuoying) (撤銷站),120.2952,22.6771,高雄市左營區曾子路281號(左營國中內)
269,C1V440,鳳山 (Fongshan) (撤銷站),120.3561,22.6466,高雄市鳳山區文山路園藝巷4號(鳳山熱帶園藝試驗分所)
270,C1V450,鳳森 (Fongsen) (撤銷站),120.3844,22.5379,高雄市小港區水庫段56地號(鳳山水庫警衛室旁)
271,C1V451,鳳森 (Fongsen) (撤銷站),120.3925,22.5451,高雄市小港區水庫段96-1地號(鳳山給水廠內)
272,C1V460,楠溪 (Nanxi) (撤銷站),120.8926,23.4364,高雄市桃源區(楠溪林道17k處愛玉工寮，車程約1小時)
273,C1V530,阿蓮 (Alian) (撤銷站),120.3276,22.8831,高雄市阿蓮區民生路94號(阿蓮區公所)
274,C1V350,溪埔 (Sipu) (撤銷站),120.4467,22.7385,高雄市大樹區溪埔里之台21線285k-286k間
275,C1V360,木柵 (Mujha) (撤銷站),120.4667,22.9754,高雄市大樹區溪埔里之台21線285k-286k間
276,C1V380,路竹 (Lujhu) (撤銷站),120.2922,22.8790,高雄市路竹區環球路72號新園農場
277,C1V240,新發 (Sinfa) (撤銷站),120.6600,23.0521,高雄市六龜區荖濃里2鄰水冬瓜44號旁
278,C1V260,月眉 (Yuemei) (撤銷站),120.5397,22.9713,高雄市杉林區月眉里山仙路1號月眉農場(杉林區月眉段2181號)
279,C1V270,溪南 (Sinan) (撤銷站),120.8064,23.0759,高雄市杉林區月眉里山仙路1號月眉農場(杉林區月眉段2181號)
280,C1V290,新集 (Sinji) (撤銷站),120.7939,23.0351,高雄市桃源區荖濃溪事業區34林班地(藤枝山遊樂區往下500公尺車程約2小時)
281,C1V230,高中 (Gaozhong) (撤銷站),120.7167,23.1349,高雄市桃源區高中里
282,C1V210,復興 (Fuxing) (撤銷站),120.7167,23.1349,高雄市桃源區高中里
283,C1V180,大寮 (Daliao) (撤銷站),120.4319,22.6100,高雄市大寮區琉球里農場路12-1號(大寮農場)
284,C1P9A0,三爺 (Sanye) (撤銷站),120.2799,22.8370,高雄市路竹區82108三爺里民權路7號(三埤國民小學)
285,C0V500,旗津 (Cijin) (撤銷站),120.2859,22.5886,高雄市旗津區中洲二路207號(旗津國中校園內)
286,C0V670,楠梓 (Nanzi) (撤銷站),120.2860,22.7197,高雄市楠梓區德民路1010號(國昌國民中學)
287,C0V430,左營 (Zuoying) (撤銷站),120.2937,22.6779,高雄市左營區曾子路281號（左營國中舊校區內）
288,466940,基隆 (KEELUNG),121.7404,25.1333,基隆市仁愛區港西街6號6樓(海港大樓6樓)
289,466950,彭佳嶼 (PENGJIAYU),122.0797,25.6279,基隆市中正區彭佳嶼
290,C0B010,七堵 (Qidu),121.7171,25.0948,基隆市七堵區東新街22號(基隆商工樓頂)
291,C0B020,基隆嶼 (Keelung Islet),121.7839,25.1914,基隆市中正區基隆嶼
292,C0B040,大武崙 (DAWULUN),121.7069,25.1666,基隆市安樂區武聖街144弄50號(大武崙安檢所樓頂)
293,C0B050,八斗子 (BADOUZI),121.7916,25.1447,基隆市中正區漁港1街9號(八斗子安檢所樓頂)
294,467050,新屋 (XINWU),121.0474,25.0067,桃園市新屋區東興路二段946號
295,C0C460,復興 (Fuxing),121.3522,24.8202,桃園市復興區澤仁里中正路248號(介壽國民中學校園內)
296,C0C480,桃園 (Taoyuan),121.3231,24.9924,桃園市復興區澤仁里中正路248號(介壽國民中學校園內)
297,C0C490,八德 (Bade),121.2832,24.9287,桃園市八德區興仁里中山路94號(八德國民小學校園內)
298,C0C650,平鎮 (Pingjhen),121.2146,24.8975,桃園市平鎮區中豐路山頂段375巷45號(山豐國民小學校園內)
299,C0C660,楊梅 (Yangmei),121.1430,24.9123,桃園市楊梅區金華街100號(楊心國小)
300,C0C670,龍潭 (Longtan),121.2213,24.8700,桃園市龍潭區中興路726號（龍潭消防分隊）
301,C0C680,龜山 (Guishan),121.3865,25.0284,桃園市龜山區文化一路250號(國立體育大學田徑場)
302,C0C700,中壢 (Zhongli),121.2563,24.9776,桃園市中壢區成章四街120號(內壢高中樓頂)
303,C0C710,大溪永福 (Yongfu Daxi),121.3249,24.8929,桃園市大溪區信義路1165號（永福國小）
304,C0C720,竹圍 (JHUWEI),121.2398,25.1126,桃園市大溪區信義路1165號（永福國小）
305,C0C730,中大臨海站 (JHONGDA COASTAL),121.2398,25.1126,桃園市大園區沙崙段沙崙小號00719-000建號(竹圍第一機動巡邏隊樓頂)
306,C0C740,觀音工業區 (GUANYIN INDUSTRIAL),121.1148,25.0647,桃園市新屋區蚵殼港段深圳小段52-41號土地(中央大學臨海工作站)
307,C0C590,觀音 (Guanyin),121.1533,25.0270,桃園市觀音區廣福里10-42號(逸福農場)
308,C0C620,蘆竹 (Luzhu),121.2657,25.0842,桃園市蘆竹區坑口里14鄰旁
309,C0C630,大溪 (Dasi),121.2655,24.8828,桃園市蘆竹區坑口里14鄰旁
310,C1C510,水尾 (Shueiwei),121.0871,24.9400,桃園市大溪區員林路2段450號(員樹林國小校園內)
311,C1C620,蘆竹 (Lujhu) (撤銷站),121.0871,25.0859,桃園市楊梅區豐野里1鄰151號(富崗水尾工作站內)
312,C1C490,八德 (Bade) (撤銷站),121.2915,24.9270,桃園市蘆竹區
313,C1C500,楊梅 (Yangmei) (撤銷站),121.1482,24.9209,桃園市楊梅區高山里11鄰梅高路838號(楊梅高中旁)
314,C0C640,龜山 (Gueishan) (撤銷站),121.3757,25.0303,桃園市龜山區舊路里振興路1169號(大埔國小校園內)
315,C0C610,龍潭 (Longtan) (撤銷站),121.2164,24.8567,桃園市龍潭區神龍路346號(雙龍國民小學校園內)
316,C0C500,楊梅 (Yangmei) (撤銷站),121.1482,24.9208,桃園市龍潭區神龍路346號(雙龍國民小學校園內)
317,C0C520,中壢 (Zhongli) (撤銷站),121.1852,24.9675,桃園市楊梅區高山里11鄰梅高路838號(楊梅高中校門口對面空地)
318,C0C540,大園 (Dayuan) (撤銷站),121.2259,25.0477,桃園市大園區埔心里25鄰中正東路1段189巷35號(埔心國民小學)
319,C0C570,新屋 (Sinwu) (撤銷站),121.0475,25.0075,桃園市新屋區東興路二段946號
320,C0C450,新屋 (Sinwu) (撤銷站),121.1068,24.9712,桃園市新屋區新屋里(衛生署桃園醫院新屋分院北面停車場邊)
321,C0D660,新竹市東區 (Dongqu Hsinshu City),120.9869,24.7986,新竹市東區光復路二段321號（工研院光復院區6館）
322,C0D670,海天一線 (HAITIANYISIAN),120.9144,24.8319,新竹市北區(海天一線看海公園)
323,C0D680,香山濕地 (SIANGSHAN WETLAND),120.9149,24.7835,新竹市香山區西濱路三段500巷17號
324,C0D570,香山 (Siangshan) (撤銷站),120.9054,24.7468,新竹市香山區長興街路旁
325,467571,新竹 (HSINCHU),121.0142,24.8278,新竹縣竹北市北崙里3鄰光明五街60號
326,C0D360,梅花 (Meihua),121.2085,24.6783,新竹縣竹北市北崙里3鄰光明五街60號
327,C0D390,關西 (Guanxi),121.1739,24.7982,新竹縣尖石鄉梅花村1鄰11號(梅花國小校園內)
328,C0D430,峨眉 (Emei),121.0171,24.6905,新竹縣關西鎮北斗里北門口41號(關西國中校園內)
329,C0D480,打鐵坑 (Datiekeng),121.1507,24.8496,新竹縣峨眉鄉31541峨眉村峨眉街54號(峨眉國中校園內)
330,C0D540,橫山 (Hengshan),121.1169,24.7111,新竹縣橫山鄉橫山村橫山段426-6地號上
331,C0D550,雪霸 (Xueba),121.1160,24.5269,新竹縣橫山鄉橫山村橫山段426-6地號上
332,C0D560,竹東 (Zhudong),121.0578,24.7671,新竹縣竹東鎮二重國民小學校園內
333,C0D580,寶山 (Baoshan),121.0251,24.7350,新竹縣寶山鄉新湖路280號旁
334,C0D590,新豐 (Sinfong),120.9772,24.8706,新竹縣寶山鄉新湖路280號旁
335,C0D650,湖口 (Hukou),120.9772,24.8706,新竹縣新豐鄉松柏村康和路199號(小叮噹科學主題樂園)
336,C0D690,外湖 (WAIHU),121.0436,24.9177,新竹縣湖口鄉信勢村三鄰成功路109號(湖口消防分隊)
337,C1D380,新埔 (Sinpu),121.0383,24.8474,新竹縣新埔鎮下寮里43號義民廟右方路旁
338,C1D400,鳥嘴山 (Niaozueishan),121.0383,24.7190,新竹縣新埔鎮下寮里43號義民廟右方路旁
339,C1D410,白蘭 (Bailan),121.0799,24.5793,新竹縣尖石鄉新樂村復興礦場
340,C1D420,太閣南 (Taigenan),121.1605,24.6328,新竹縣五峰鄉桃山村
341,C1D630,飛鳳山 (Fei Feng Mountain),121.1605,24.6328,新竹縣五峰鄉羅山工作站後方山頂羅山瞭望台旁
342,C1D640,外坪(五指山) (Waiping(Wuzhihshan)),121.0909,24.6444,新竹縣芎林鄉王爺坑段83-7號地
343,C1D370,湖口 (Hukou) (撤銷站),121.0440,24.9093,新竹縣湖口鄉德盛村98-8號(湖口農田水利會內)
344,C1D430,峨眉 (Emei) (撤銷站),121.0440,24.6904,新竹縣湖口鄉德盛村98-8號(湖口農田水利會內)
345,C0D370,湖口 (Hukou) (撤銷站),121.0439,24.9091,新竹縣湖口鄉德盛村98-8號(湖口農田水利會內)
346,C0E420,竹南 (Jhunan),120.8888,24.7089,苗栗縣竹南鎮大埔里仁愛路1092號(竹南鎮大埔國民小學內)
347,C0E430,南庄 (Nanzhuang),120.8888,24.7089,苗栗縣竹南鎮大埔里仁愛路1092號(竹南鎮大埔國民小學內)
348,C0E520,大湖 (Dahu),121.0002,24.6017,苗栗縣南庄鄉東村文化路3號(南庄國小校園內)
349,C0E540,後龍 (Houlong),120.8708,24.4149,苗栗縣大湖鄉大寮村5鄰竹高屋34-1號附近
350,C0E550,明德 (Mingde),120.7839,24.6064,苗栗縣後龍鎮後龍溪橋旁高地
351,C0E590,通霄 (Tongxiao),120.8854,24.5834,苗栗縣頭屋鄉明德水庫水利工作站屋頂上
352,C0E610,馬都安 (Madu-an),120.7046,24.4718,苗栗縣通霄鎮城北里1鄰13號(通霄鎮城中國民小學內)
353,C0E730,頭份 (Toufen),120.9301,24.4512,苗栗縣泰安鄉錦水村(由泰安開車約2小時瞭望台旁)
354,C0E740,造橋 (Zaoqiao),120.9122,24.6882,苗栗縣頭份市中正路219號(苗栗縣頭份鎮頭份國小校園內)
355,C0E750,苗栗 (Miaoli),120.8647,24.6370,苗栗縣造橋鄉造橋村14鄰3號(造橋國小)
356,C0E791,卓蘭 (Zhuolan),120.8245,24.5645,苗栗縣苗栗市中正路241號(建功國小)
357,C0E810,西湖 (Xihu),120.8244,24.3126,苗栗縣卓蘭鎮中山路125-1號(卓蘭鎮圖書館樓頂)
358,C0E820,獅潭 (Shitan),120.7485,24.5629,苗栗縣西湖鄉二湖村2鄰22號(僑文國小)
359,C0E830,苑裡 (YUANLI),120.9200,24.5391,苗栗縣獅潭鄉新店村11鄰103-2號(獅潭鄉公所圖書館樓頂)
360,C0E850,大河 (Dahe),120.6530,24.4397,苗栗縣苑裡鎮信義路1號(苑裡鎮公所)
361,C0E870,高鐵苗栗 (THSR Miaoli),120.9485,24.6180,苗栗縣三灣鄉大河村48號(大河派出所)
362,C0E880,三義 (Sanyi),120.8260,24.6072,苗栗縣後龍鎮高鐵三路268號(高鐵苗栗站外)
363,C0E910,海埔 (HAIPU),120.7498,24.4054,苗栗縣三義鄉130縣道13.5K附近（慈濟山茶園內）
364,C0E920,通霄漁港 (TONGSIAO FISHING),120.7724,24.6487,苗栗縣後龍鎮海埔125之15號(外埔安檢所樓頂)
365,C0E930,龍鳳 (LONGFONG),120.6738,24.4985,苗栗縣通霄鎮漁港路69號(通霄安檢所樓頂)
366,C0E780,銅鑼 (Tongluo),120.8591,24.7000,苗栗縣竹南鎮龍鳳里龍江街359巷5號(龍鳳安檢所樓頂)
367,C1E461,松安 (Song-an),120.7908,24.4896,苗栗縣銅鑼鄉福興村文化街1號(銅鑼國小)
368,C1E480,鳳美 (Fongmei),120.9860,24.3979,苗栗縣泰安鄉雪霸國家公園二本松解說站旁
369,C1E511,新開 (Xinkai),121.0347,24.3477,苗栗縣南庄鄉東河村24鄰石門1號(南庄往鹿場途中)
370,C1E451,象鼻 (Xiangbi),120.8270,24.3477,苗栗縣大湖鄉新開村新開4鄰20號旁
371,C1E601,南勢 (Nanshi),120.9402,24.3686,苗栗縣泰安鄉象鼻村
372,C1E670,南礦 (Nankuang),120.7348,24.5724,苗栗縣後龍鎮南港里南勢山
373,C1E681,南勢山 (Nanshishan),121.0028,24.5382,苗栗縣南庄鄉蓬萊林道末端(南庄事業區18林班地)
374,C1E691,南湖 (Nanhu),120.9238,24.4216,苗栗縣泰安鄉大興村(從泰安國小進入站址車程約10分鐘)
375,C1E701,八卦 (Bagua),120.8375,24.4013,苗栗縣大湖鄉(位於南湖台3線135k處之吊樑道山上)
376,C1E711,馬拉邦山 (Malabangshan),120.9276,24.4917,苗栗縣泰安鄉(與八卦派出所相距約1.2k處)
377,C1E721,泰安 (Tai-an),120.9016,24.3673,苗栗縣大湖鄉東興村(馬拉邦山登山口)
378,C1E770,公館 (Gongguan),120.9680,24.4890,苗栗縣泰安鄉橫龍古道上(走路約5分鐘)之大湖事業區18林班地
379,C1E890,國三N149K (Freeway No. 1 N149K),120.8308,24.5269,苗栗縣公館鄉鶴岡村178號(鶴岡國中)
380,C1E900,國一N128K (Freeway No. 1 - RAIN – N128K),120.6800,24.4634,苗栗縣國道3號北向149K
381,C1E720,泰安 (Tai-an) (撤銷站),120.8441,24.5609,苗栗縣國道1號北向128K
382,C1E710,馬拉邦山 (Malabangshan) (撤銷站),120.9676,24.4887,苗栗縣泰安鄉騰龍古道上(走路約5分鐘)之大湖事業區18林班地
383,C1E700,八卦 (Bagua) (撤銷站),120.9015,24.3674,苗栗縣大湖鄉東興村(馬拉邦山登山口)
384,C1E690,南湖 (Nanhu) (撤銷站),120.9276,24.4918,苗栗縣泰安鄉(與八卦派出所相距約1.2k處)
385,C1E680,南勢山 (Nanshishan) (撤銷站),120.8376,24.4010,苗栗縣大湖鄉(位於南湖台3線135k處之吊樑道山上)
386,C1E460,松安 (Song-an) (撤銷站),120.9237,24.4218,苗栗縣泰安鄉大興村(從泰安國小進入站址車程約10分鐘)
387,C1E520,大湖 (Dahu) (撤銷站),120.9859,24.3976,苗栗縣泰安鄉梅園村二本松梅園派出所
388,C1E540,後龍 (Houlong) (撤銷站),120.8745,24.4171,苗栗縣大湖鄉大寮村5鄰竹高屋34-1號附近
389,C1E550,明德 (Mingde) (撤銷站),120.7837,24.6062,苗栗縣後龍鎮後龍溪橋旁
390,C1E560,和興 (Hesing) (撤銷站),120.8867,24.5846,苗栗縣頭屋鄉明德水庫水利工作站屋頂上
391,C1E570,公館 (Gongguan) (撤銷站),120.9151,24.5140,苗栗縣獅潭鄉和興村
392,C1E590,土城 (Tucheng) (撤銷站),120.8290,24.4957,苗栗縣公館鄉館南村261號(苗栗農改場)
393,C1E600,南勢 (Nanshi) (撤銷站),120.7042,24.4715,苗栗縣通霄鎮城北里1鄰13號(通霄鎮城中國民小學內)
394,C1E500,卓蘭 (Jhuolan) (撤銷站),120.7345,24.5726,苗栗縣後龍鎮南港里南勢山
395,C1E510,新開 (Xinkai) (撤銷站),120.8112,24.3071,苗栗縣卓蘭鎮蘭勢大橋下方堤防旁
396,C1E450,象鼻 (Xiangbi) (撤銷站),120.8270,24.3476,苗栗縣大湖鄉新開村新開4鄰20號旁
397,C0E790,卓蘭 (Zhuolan) (撤銷站),120.9403,24.3685,苗栗縣泰安鄉象鼻村
398,C0E760,苑裡 (Yuanli) (撤銷站),120.8247,24.3127,苗栗縣卓蘭鎮中山路127號(卓蘭鎮公所)
399,C0E580,苑里 (Yuanli) (撤銷站),120.6582,24.4485,苗栗縣苑裡鎮育才街100號(國立苑裡高中)
400,C0E530,三義 (Sanyi) (撤銷站),120.6801,24.4335,苗栗縣苑裡鎮
401,C0E440,大河 (Dahaes) (撤銷站),120.7659,24.4109,苗栗縣三義鄉廣盛村10鄰122號(三義高中內)
402,467550,玉山 (YUSHAN),120.9595,23.4876,南投縣信義鄉玉山北峰1號
403,467650,日月潭 (SUN MOON LAKE),120.9080,23.8813,南投縣魚池鄉水社村中山路270巷14號
404,C0H890,埔里 (Puli),120.9080,23.9721,南投縣魚池鄉水社村中山路270巷14號
405,C0H950,中寮 (Zhongliao),120.7664,23.8844,南投縣埔里鎮大城里大城路169號(南投縣立大成國民中學內)
406,C0H960,草屯 (Caotun),120.7664,23.8844,南投縣中寮鄉復興村初中巷50號(中寮國中校園內)
407,C0H990,昆陽 (Kunyang),120.6808,24.1213,南投縣草屯鎮中山里草鞋墩1街8號(草屯鎮公所樓頂)
408,C0H9A0,神木村 (Shenmu Village),120.8436,23.5327,南投縣仁愛鄉昆陽警察局後方下坡處(太魯閣國家公園)石碑後20公尺
409,C0H9C0,合歡山 (Hehuan Mountain),121.2725,24.1434,南投縣信義鄉神木村神木工作分站後方山坡上(對高岳營林區29林班地444號土地)
410,C0I010,廬山 (Lushan),121.1818,24.0333,南投縣仁愛鄉(近合歡山三角點，由松雪樓開車約15分鐘，大甲溪事業區第81林班)
411,C0I080,信義 (Xinyi),121.1818,23.6896,南投縣仁愛鄉大同村仁和路21號(埔里-霧社收費站-盧山電力公司瞭望台)
412,C0I090,鳳凰 (Fonghuang),120.7873,23.7280,南投縣信義鄉自強村綠美巷(內茅埔營林區23林班地)
413,C0I110,竹山 (Zhushan),120.6881,23.7612,南投縣鹿谷鄉鳳凰鳥園旁
414,C0I360,水里 (Shuili),120.6881,23.8125,南投縣竹山鎮延和里向學街32號(竹山國民小學內)
415,C0I370,魚池 (Yuchi),120.8497,23.8125,南投縣水里鄉中山路一段515號(玉山國家公園管理處)
416,C0I380,集集 (Jiji),120.9413,23.8957,南投縣魚池鄉東池村魚池街194號(魚池鄉衛生所)
417,C0I390,仁愛 (Ren'ai),120.8014,24.0221,南投縣集集鎮民生東路1號(農委會特有生物研究保育中心)
418,C0I410,名間 (Mingjian),120.7014,23.8370,南投縣仁愛鄉仁和路50號(台電公司仁愛服務所)
419,C0I420,國姓 (Guoxing),120.7014,23.8370,南投縣名間鄉董門巷2號(名間鄉立體停車場)
420,C0I460,南投 (Nantou),120.8550,23.9114,南投縣國姓鄉民族街40號(國姓鄉老人文康活動中心)
421,C0I480,梅峰 (Meifeng),121.1735,24.0852,南投縣南投市龍泉里玉井街5號(南投市公所樓頂)
422,C0I490,萬大林道 (Wandalindao),121.1735,23.9282,南投縣仁愛鄉大同村仁和路215號(梅峰農場)
423,C0I520,玉山風口 (Yushanfengkou),121.0914,23.9282,南投縣仁愛鄉曲冰段(萬大林道約7.2k附近高地)
424,C0I530,小奇萊 (Xiaoqilai),120.9559,23.4704,南投縣信義鄉(玉山主峰往北峰叉路空地附近)
425,C0I540,奇萊稜線 (Qilailengxian),121.3264,24.1092,南投縣仁愛鄉小奇萊步道指標1.5K處附近
426,C1H000,翠峰 (Cuifeng),121.3264,24.1092,南投縣仁愛鄉奇萊連峰指標6.4K處(奇萊山屋附近)
427,C1H840,國三N238K (Freeway No. 3 - RAIN –N238K),121.2052,24.1093,南投縣仁愛鄉翠峰段30地號東側旁(臺14甲線19-19.5k處的長途通信機房旁)
428,C1H860,瑞岩 (Ruiyan),121.1834,24.1237,南投縣國道3號北向238.2K
429,C1H900,清流 (Qingliu),121.1834,24.1237,南投縣仁愛鄉
430,C1H920,長豐 (Changfeng),120.9629,24.1020,南投縣仁愛鄉互助村
431,C1H941,雙冬 (Shuangdong),120.8798,24.1020,南投縣國姓鄉長豐村東二巷71號(仙徠山莊內)
432,C1H9B1,阿眉 (Amei),120.9946,24.1263,南投縣仁愛鄉(水利局雨量站旁)
433,C1I020,萬大 (Wanda),121.1322,23.9798,南投縣仁愛鄉親愛村萬大水庫宿舍旁
434,C1I030,武界 (Wujie),121.0524,23.9132,南投縣仁愛鄉親愛村萬大水庫宿舍旁
435,C1H971,六分寮 (Liufenliao),120.6378,23.9250,南投縣南投市鳳鳴里八卦路831號(南投縣政府消防局第一大隊鳳鳴分隊)
436,C1I050,丹大 (Danda),120.6378,23.9250,南投縣南投市鳳鳴里八卦路831號(南投縣政府消防局第一大隊鳳鳴分隊)
437,C1I070,和社 (Heshe),121.1411,23.5911,南投縣信義鄉丹大事業區第十七林班地(瞭望台旁)
438,C1I101,溪頭 (Xitou),120.8076,23.6617,南投縣信義鄉中橫同富村同和巷47號和社分社觀測坪內
439,C1I131,桶頭 (Tongtou),120.6541,23.6419,南投縣鹿谷鄉內湖村森林巷溪頭林營區(鳳凰山瞭望台旁)
440,C1I140,卡奈托灣 (Kanaituowan),121.0878,23.7543,南投縣信義鄉丹大事業區第16林班地
441,C1I150,青雲 (Qingyun),120.9493,23.7933,南投縣信義鄉丹大事業區第16林班地
442,C1I121,大鞍 (Da-an),120.9493,23.7933,南投縣信義鄉地利村5鄰開信巷98-3號旁
443,C1I201,中心崙 (Zhongxinlun),120.7120,23.7287,南投縣竹山鎮樟空倫山之三角點附近
444,C1I211,蘆竹湳 (Luzhunan),120.8119,23.9340,南投縣竹山鎮之中心崙林道4.1km處
445,C1I220,樟湖 (Zhanghu),120.8119,23.9340,南投縣中寮鄉清水村龍林巷4鄰58之6號旁
446,C1I230,九份二山 (Jiufen'ershan),120.8450,23.9619,南投縣國姓鄉147縣道9km處與站址直線距離約1.6km
447,C1I240,外大坪 (Waidaping),120.8450,23.9586,南投縣國姓鄉南港村九份二山上(921地震紀念公園內)
448,C1I250,鯉潭 (Litan),120.9179,23.9586,南投縣埔里鎮種瓜路(投68)路口至站址車程約20分鐘
449,C1I260,北坑 (Beikeng),120.9911,23.9246,南投縣埔里鎮埔里高工旁中心路2km處
450,C1I310,西巒 (Xiluan),120.8839,23.7544,南投縣埔里鎮麒麟里4鄰武界路31號旁
451,C1I320,奧萬大 (Aowanda),121.1785,23.9529,南投縣仁愛鄉奧萬大森林遊樂區內(員工宿舍)
452,C1I330,楓樹林 (Fengshulin),121.0761,23.9868,南投縣仁愛鄉埔里事業區107林班地(臺14線近埔里市區)
453,C1I340,新興橋 (Xinxingqiao),121.0761,23.5633,南投縣仁愛鄉埔里事業區107林班地(臺14線近埔里市區)
454,C1I400,凌霄 (Lingxiao),121.0044,24.0187,南投縣信義鄉臺21線新興橋附近
455,C1I430,翠華 (Cuihua),121.0044,24.1919,南投縣仁愛鄉守城段4地號
456,C1I440,新高口 (Xingaokou),120.8789,23.4787,南投縣信義鄉新高口(臺18線約107.5k處路旁，對高岳營林區第31林班446號林地內)
457,C1I450,望鄉山 (Wangxiangshan),120.8789,23.5941,南投縣信義鄉新高口(臺18線約107.5k處路旁，對高岳營林區第31林班446號林地內)
458,C1I470,杉林溪 (Shanlinxi),120.9442,23.5941,南投縣信義鄉巒大事業區第131林班內(郡大林道約32K附近，望鄉山三角點旁)
459,C1I500,大尖山 (Dajianshan),120.9948,23.8585,南投縣竹山鎮大鞍里(杉林溪森林生態渡假園區收費亭附近，向欣谷碑旁)
460,C1I510,線浸林道 (Xianjinlindao),120.8329,23.7615,南投縣仁愛鄉大尖山
461,C1I550,國六W023K (Freeway No. 6 W023K),120.8329,23.9790,南投縣鹿谷鄉線浸林道11k附近
462,C1I280,埔中 (Puzhong),120.6425,23.8207,南投縣國道6號西向23.7K
463,C1I290,豐丘 (Fengqiu),120.6425,23.8207,南投縣名間鄉埔中村11之3號後面
464,C1I300,上安橋 (Shang-anciao) (撤銷站),120.8738,23.7282,南投縣信義鄉豐丘村豐丘產業道路末端
465,C1I350,東埔 (Dongpu) (撤銷站),120.8738,23.7282,南投縣水里鄉(臺21線上安村段之三廓產業道路2k處梅園裡)
466,C1I270,水里 (Shueili) (撤銷站),120.9251,23.5563,南投縣信義鄉東埔村村辦公室籃球場旁
467,C1I210,蘆竹湳 (Luzhunan) (撤銷站),120.8540,23.8319,南投縣水里鄉聖母修道院內
468,C1I130,桶頭 (Tongtou) (撤銷站),120.6536,23.6424,南投縣中寮鄉清水村龍林巷4鄰58之6號旁
469,C1I160,龍神橋 (Longshenciao) (撤銷站),120.6536,23.6424,南投縣竹山鎮鯉南路338號旁
470,C1I170,集集 (Jiji) (撤銷站),120.8715,23.8263,南投縣水里鄉崁頂村(臺21線龍神橋附近)
471,C1I190,水長流 (Shueichangliou) (撤銷站),120.7750,23.8263,南投縣集集鎮集集加油站旁
472,C1I200,中心崙 (Zhongxinlun) (撤銷站),120.8604,24.0618,南投縣國姓鄉大旗農路末端
473,C1I120,大鞍 (Da-an) (撤銷站),120.7123,23.7285,南投縣竹山鎮之中心崙林道4.1km處
474,C1I080,信義 (Xinyi) (撤銷站),120.7598,23.6896,南投縣竹山鎮樟空倫山之三角點附近
475,C1I100,溪頭 (Xitou) (撤銷站),120.8072,23.6612,南投縣信義鄉自強村綠美巷(內茅埔林區23林班地)
476,C1I060,望鄉 (Wangsiang) (撤銷站),120.8072,23.6190,南投縣鹿谷鄉內湖村森林巷溪頭林營區(鳳凰山瞭望臺旁)
477,C1H9B0,阿眉 (Amei) (撤銷站),120.9281,23.6190,南投縣信義鄉望美村望鄉工作站內(巒大事業區119林班)
478,C1I040,文文社 (Wunwunshe) (撤銷站),120.9942,24.1260,南投縣仁愛鄉(水利局雨量站旁)
479,C1H950,中寮 (Chungliao) (撤銷站),120.9934,23.8493,南投縣仁愛鄉法治村良久林場內
480,C1H960,草屯 (Caotun) (撤銷站),120.7664,23.9971,南投縣中寮鄉復興村初中巷50號(中寮國中校園內)
481,C1H970,六分寮 (Lioufenliao) (撤銷站),120.6628,23.9254,南投縣草屯鎮中山里草溪路791號(省都電臺內)
482,C1H930,北山 (Beishan) (撤銷站),120.6381,23.9254,南投縣南投市鳳鳴里八卦路894號(西嶺國小內)
483,C1H940,雙冬 (Shuangdong) (撤銷站),120.8747,23.9853,南投縣國姓鄉北山村頭溪巷7-1號旁
484,C1H910,魚池 (Yuchih) (撤銷站),120.8023,23.9008,南投縣草屯鎮雙冬里
485,C1H870,仁愛 (Ren-ai) (撤銷站),120.9290,23.9008,南投縣魚池鄉興池段1368地號(魚池苗圃內)
486,C1H880,凌霄 (Lingsiao) (撤銷站),121.1307,24.0186,南投縣仁愛鄉(臺電公司電源保護中心內)
487,C1H890,大肚城 (Daducheng) (撤銷站),121.0148,24.0167,南投縣埔里鎮中山路三段582號(凌霄殿內)
488,C1H850,翠巒 (Cueiluan) (撤銷站),120.9522,23.9709,南投縣埔里鎮大城里大城路169號(南投縣立大成國民中學內)
489,467270,田中 (TianZhong),120.5812,23.8738,彰化縣田中鎮中潭里4鄰高鐵三路1段167號
490,C0G860,社頭 (Shetou),120.5812,23.8976,彰化縣田中鎮中潭里4鄰高鐵三路1段167號
491,C0G870,芳苑 (Fangyuan),120.5862,23.8976,彰化縣社頭鄉社斗路一段258號(社頭國小)
492,C0G880,二水 (Ershui),120.3200,23.8107,彰化縣芳苑鄉仁愛村斗苑路芳苑段211號(芳苑國中)
493,C0G890,伸港 (Shenggang),120.4844,24.1489,彰化縣二水鄉文化村119號(二水國小)
494,C0G900,線西 (xianxi),120.4844,24.1489,彰化縣伸港鄉新港村和平路60號(新港國小)
495,C0G910,花壇 (Huatan),120.4435,24.1433,彰化縣線西鄉慶福路300號（彰濱工業區線西服務大樓內)
496,C0G920,永靖 (Yongjing),120.5494,23.9247,彰化縣花壇鄉彰員路2段580號（花壇國中內）
497,C0G940,竹塘 (Zhutang),120.5475,23.9247,彰化縣永靖鄉瑚璉路230號（永靖鄉公所樓頂）
498,C0G620,芬園 (Fenyuan),120.3867,24.0156,彰化縣竹塘鄉東陽路二段123號（長安國小校園內）
499,C0G640,鹿港 (Lukang),120.6213,24.0156,彰化縣芬園鄉楓坑村大埔崙產業道路上(芬園往臺灣民俗村路上)
500,C0G650,員林 (Yuanlin),120.4304,23.9465,彰化縣鹿港鎮海埔里顏厝巷67號(行政院退輔會魚殖管理處彰化分場內)
501,C0G660,溪湖 (Xihu),120.5855,23.9465,彰化縣員林市萬年里明倫路2號(明倫國中內)
502,C0G720,溪州 (Xizhou),120.4791,23.8515,彰化縣溪湖鎮大竹里彰水路2段725號(湖南國民小學內)
503,C0G730,二林 (Erlin),120.4990,23.9033,彰化縣溪州鄉溪下路四段560號(溪州鄉公所)
504,C0G740,大城 (Dacheng),120.3760,23.8524,彰化縣二林鎮仁愛路200號(二林消防分隊)
505,C0G800,埔鹽 (Puyan),120.3209,23.8524,彰化縣大城鄉東城村中平路185號(大城鄉公所)
506,C0G810,埔心 (Puxin),120.4316,23.9476,彰化縣埔鹽鄉永樂村永樂路600號(永樂國小)
507,C0G820,田尾 (Tianwei),120.5254,23.9476,彰化縣埔心鄉舊館村員鹿路四段201號(舊館國小)
508,C0G830,埤頭 (Pitou),120.5093,23.8660,彰化縣田尾鄉中正路二段101號(仁豐國小)
509,C0G840,北斗 (Beidou),120.4528,23.8660,彰化縣埤頭鄉大湖村大湖路260號(大湖國小)
510,C0G770,福興 (Fuxing),120.5142,23.8775,彰化縣北斗鎮斗苑路二段150號(螺陽國小)
511,C0G780,秀水 (Xiushui),120.4376,24.0412,彰化縣福興鄉員鹿路二段270號(福興國中)
512,C1G691,下水埔 (Xiashuipu),120.5038,24.0340,彰化縣秀水鄉安東村中山路257號(秀水國小)
513,C1G9D0,國一S218K (Freeway No. 1 - RAIN – S218K),120.5676,23.8161,彰化縣溪州鄉大莊國小(大庄村中橫巷1號)
514,C1G700,中西 (Jhongsi) (撤銷站),120.4932,23.8906,彰化縣國道1號南向218.3K
515,C1G620,芬園 (Fenyuan) (撤銷站),120.3521,23.8820,彰化縣二林鎮中西里工城路5號二林農場中西耕區(二林鎮中西段333號)
516,C1G630,彰化 (Changhua) (撤銷站),120.6212,24.0788,彰化縣芬園鄉楓坑村大埔崙產業道路上(芬園往臺灣民俗村路上)
517,C1G631,彰化 (Changhua) (撤銷站),120.5550,24.0791,彰化縣彰化市卦山里卦山路13號(彰化國民中學內)
518,C1G660,溪湖 (Sihu) (撤銷站),120.5546,24.0791,彰化縣彰化市卦山里卦山路13號(彰化藝術高級中學內)
519,C1G670,溪州 (Sijhou) (撤銷站),120.4789,23.9482,彰化縣溪湖鎮大竹里彰水路二段725號(湖南國民小學內)
520,C1G680,草湖 (Caohu) (撤銷站),120.4959,23.8482,彰化縣溪洲鄉溪州村中央路250號(溪州農場)
521,C1G690,下水埔 (Xiashuipu) (撤銷站),120.3784,23.9596,彰化縣芳苑鄉草湖村功湖路草湖段140號(草湖國民中學內)
522,C0G790,花壇 (Huatan) (撤銷站),120.5750,24.0160,彰化縣彰化縣溪州鄉榮光村國光路1號(退輔會工程事業材料處彰化工廠)
523,C0G850,田中 (Tianzhong) (撤銷站),120.5882,23.8567,彰化縣花壇鄉中庄村中橋街226號(華南國小)
524,C0G750,竹塘 (Zhutang) (撤銷站),120.5882,23.8466,彰化縣田中鎮中州路一段177號(田中國小)
525,C0G760,高鐵彰化 (THSR Changhua) (撤銷站),120.3824,23.8466,彰化縣竹塘鄉永安村東陽路二段221號(永安派出所)
526,C0G710,台西 (Taisi) (撤銷站),120.5746,23.8484,彰化縣田中鎮站區路二段99號(高鐵彰化站外)
527,C0K240,草嶺 (Caoling),120.6934,23.5955,雲林縣古坑鄉草嶺村龍頭
528,C0K250,崙背 (Lunbei),120.6934,23.7555,雲林縣古坑鄉草嶺村龍頭
529,C0K280,四湖 (Sihu),120.3189,23.7555,雲林縣崙背鄉阿勸村阿勸農場(阿勸段487號)
530,C0K291,宜梧 (Yiwu),120.2271,23.5362,雲林縣四湖鄉湖西村中正路766號(四湖國民中學內)
531,C0K530,臺西 (Taixi),120.1693,23.5362,雲林縣口湖鄉湖口村170號央廣口湖分台內(憲兵排樓頂)
532,C0K550,蔦松 (Niaosong),120.1975,23.7015,雲林縣台西鄉中山路110巷38號(臺西消防分隊)
533,C0K560,棋山 (Qishan),120.2297,23.5143,雲林縣水林鄉松中村蔦松路213號(蔦松國小)
534,C0K580,高鐵雲林 (THSR Yunlin),120.6034,23.6864,雲林縣古坑鄉棋盤村棋山49號(棋山國小)
535,C0K590,"雲林東勢 (Dongshi, Yunlin County)",120.4179,23.7374,雲林縣虎尾鎮站前東路301號(高鐵雲林站外)
536,C0K330,虎尾 (Huwei),120.2557,23.6741,雲林縣東勢鄉東榮路29巷1號(東勢鄉圖書館樓頂)
537,C0K390,土庫 (Tuku),120.4420,23.7191,雲林縣虎尾鎮林森路一段64號(中正國民小學內)
538,C0K400,斗六 (Douliu),120.3955,23.7205,雲林縣土庫鎮建國路41號(土庫消防分隊)
539,C0K410,北港 (Beigang),120.5411,23.7205,雲林縣斗六市鎮北路345-1號(斗六消防分隊)
540,C0K420,西螺 (Xiluo),120.2928,23.8004,雲林縣北港鎮大同路565號(北港消防分隊)
541,C0K430,褒忠 (Baozhong),120.3036,23.6909,雲林縣西螺鎮公正路211號(西螺消防分隊)
542,C0K440,二崙 (Erlun),120.3036,23.6909,雲林縣褒忠鄉中正路451號(褒忠鄉公所)
543,C0K450,大埤 (Dapi),120.4089,23.7727,雲林縣二崙鄉中正路80號(二崙消防分隊)
544,C0K460,斗南 (Dounan),120.4315,23.6460,雲林縣大埤鄉中山路8號(大埤鄉公所)
545,C0K470,林內 (Linnei),120.4783,23.7486,雲林縣斗南鎮延平路二段266號(斗南鎮停一立體停車場)
546,C0K480,莿桐 (Citong),120.6096,23.7486,雲林縣林內鄉中正路685號(林內消防分隊)
547,C0K500,元長 (Yuanchang),120.5023,23.7611,雲林縣莿桐鄉和平路53號(莿桐鄉公所)
548,C0K510,水林 (Shuilin),120.3150,23.5729,雲林縣元長鄉長南村仁愛街2號(元長鄉公所)
549,C1K540,口湖 (Kouhu),120.2459,23.5729,雲林縣水林鄉水北村水林路12號(水林鄉公所)
550,C1K230,西螺 (Siluo) (撤銷站),120.1805,23.8044,雲林縣口湖鄉口湖村中正路一段280號(口湖消防分隊)
551,C1K250,崙背 (Lunbei) (撤銷站),120.4525,23.7555,雲林縣西螺鎮西螺鎮東南路326號(東南中學內)
552,C1K260,後安寮 (Hou-anliao) (撤銷站),120.3189,23.7892,雲林縣崙背鄉阿勸村阿勸農場(阿勸段487號)
553,C1K270,褒忠 (Baojhong) (撤銷站),120.2332,23.7049,雲林縣麥寮鄉後安村227號(雲林縣麥寮鄉豐安國民小學內)
554,C1K310,斗六 (Douliou) (撤銷站),120.3081,23.7049,雲林縣褒忠鄉埔姜村太湖路11號(埔姜工作站內)
555,C1K320,阿丹 (Adan) (撤銷站),120.5163,23.7055,雲林縣斗六市保長路155號(雲林縣斗六市保長國民小學內)
556,C1K340,土庫 (Tuku) (撤銷站),120.5118,23.6880,雲林縣斗南鎮將軍里溫厝1號(雲林縣斗南鎮重光國民小學內)
557,C1K350,北港 (Beigang) (撤銷站),120.2952,23.5689,雲林縣北港鎮光復路2號(北港糖廠內)
558,C1K380,山豬湖 (Shanjhuhu) (撤銷站),120.2952,23.5689,雲林縣北港鎮光復路2號(北港糖廠內)
559,C0K520,雲林東勢 (Dongshi Yunlin County) (撤銷站),120.1547,23.6744,雲林縣古坑鄉華山村松林路41號旁約100公尺
560,C0K490,古坑 (Gukeng) (撤銷站),120.1547,23.6543,雲林縣東勢鄉東南村所前街3號(東勢鄉公所)
561,C0K300,大埔 (Dapu) (撤銷站),120.5597,23.6543,雲林縣古坑鄉中山路393號(古坑消防分隊)
562,C0K290,宜梧 (Yiwu) (撤銷站),120.6052,23.6413,雲林縣古坑鄉朝陽村北極殿旁
563,467480,嘉義 (CHIAYI),120.4329,23.4959,嘉義市西區北新里海口寮路56號
564,C0M730,嘉義市東區 (Dongqu Chiayi City),120.4329,23.4959,嘉義市西區北新里海口寮路56號
565,467530,阿里山 (ALISHAN),120.8132,23.5082,嘉義縣阿里山鄉中正村4鄰東阿里山73-1號
566,C0M410,馬頭山 (Matoushan),120.8132,23.5082,嘉義縣阿里山鄉中正村4鄰東阿里山73-1號
567,C0M520,東後寮 (Donghouliao),120.5820,23.3243,嘉義縣大埔鄉永樂村1鄰內灣仔2號
568,C0M530,奮起湖 (Fenqihu),120.2480,23.3699,嘉義縣義竹鄉東光村7號(台糖東後寮農場)
569,C0M640,中埔 (Zhongpu),120.6992,23.4939,嘉義縣竹崎鄉阿里山事業區148林班地(中興苗圃內)
570,C0M650,朴子 (Puzi),120.5229,23.4253,嘉義縣中埔鄉中埔村128號(中埔鄉公所)
571,C0M660,溪口 (Xikou),120.2390,23.4346,嘉義縣朴子市竹村里36號(竹村國小)
572,C0M670,大林 (Dalin),120.4035,23.6041,嘉義縣溪口鄉中正東路103號(溪口國中學生活動中心)
573,C0M680,太保 (Taibao),120.4584,23.6006,嘉義縣大林鎮新興街110號(大林地政事務所)
574,C0M690,水上 (Shuishang),120.3314,23.4550,嘉義縣太保市太保里31號(太保市圖書館)
575,C0M700,竹崎 (Zhuqi),120.3889,23.4197,嘉義縣水上鄉三鎮村三鎮路119號(水上消防分隊)
576,C0M710,東石 (Dongshi),120.5555,23.5261,嘉義縣竹崎鄉竹崎村舊車站79號(竹崎消防分隊)
577,C0M720,番路 (Fanlu),120.1538,23.4589,嘉義縣東石鄉東石村3號(東石鄉公所)
578,C0M740,六腳 (Liujiao),120.5541,23.4646,嘉義縣番路鄉下坑村蔡公店101號(番路鄉公所)
579,C0M750,布袋 (Budai),120.2906,23.3808,嘉義縣六腳鄉蒜頭村73-2號(六腳消防分隊)
580,C0M760,民雄 (Minxiong),120.1677,23.3808,嘉義縣布袋鎮龍江里2-2號(布袋消防分隊)
581,C0M770,嘉義梅山 (Meishan Chiayi County),120.4284,23.5517,嘉義縣民雄鄉文化路7號(民雄鄉公所)
582,C0M780,鹿草 (Lucao),120.5555,23.4113,嘉義縣梅山鄉中山路282號(梅山鄉公所)
583,C0M790,新港 (Xingang),120.3083,23.4113,嘉義縣鹿草鄉西井村287號(鹿草鄉公所)
584,C0M800,茶山 (Chashan),120.3457,23.5532,嘉義縣新港鄉公園路28號(新港消防分隊)
585,C0M810,里佳 (Lijia),120.6647,23.3891,嘉義縣阿里山鄉茶山路62號之1(茶山村衛生室)
586,C0M820,達邦 (Dabang),120.7166,23.4539,嘉義縣阿里山鄉里佳村
587,C0M850,表湖 (Biaohu),120.6416,23.2418,嘉義縣阿里山鄉達邦村21號(鄒族自然與文化中心)
588,C0M860,新美 (Shinmei),120.6416,23.3380,嘉義縣大埔鄉溪頭段1地號
589,C1M480,獨立山 (Dulishan),120.6831,23.5370,嘉義縣阿里山鄉新美村78號
590,C1M390,龍美 (Longmei),120.6544,23.4067,嘉義縣竹崎鄉(獨立山三角點旁)
591,C1M400,菜瓜坪 (Caiguaping),120.5761,23.2519,嘉義縣大埔鄉西興村
592,C1M600,頭凍 (Toudong),120.5761,23.2519,嘉義縣大埔鄉西興村
593,C1M610,石磐龍 (Shipanlong),120.6635,23.4966,嘉義縣番路鄉阿里山公路23k處轉入興社產業道路盡頭
594,C1M620,瑞里 (Ruili),120.6635,23.4966,嘉義縣竹崎鄉光華村
595,C1M640,十字 (Shizi),120.7536,23.4921,嘉義縣梅山鄉瑞里派出所旁小路至站址(公墓旁)車程約10分鐘
596,C1M870,國三N285K (Freeway No. 3 N285K),120.5058,23.5503,嘉義縣阿里山鄉十字村16號（十字國小樓頂）
597,C1M630,豐山 (Fongshan) (撤銷站),120.5058,23.5950,嘉義縣國道3號北向285K
598,C1M440,新高口 (Xingaokou) (撤銷站),120.7488,23.5950,嘉義縣阿里山鄉豐山村石鼓磐98號旁約200公尺處
599,C1M450,中坑 (Jhongkeng) (撤銷站),120.5255,23.5611,嘉義縣阿里山鄉新高口臺(阿里山遊樂區往18號公路)(阿里山事業區221林班地)
600,C1M460,溪口 (Shiko) (撤銷站),120.5255,23.6040,嘉義縣大林鎮大糖里399號大埔美農場(中坑段中坑128號)
601,C1M470,鰲鼓 (Aogu) (撤銷站),120.1488,23.5052,嘉義縣東石鄉鰲鼓村四股67號(臺灣糖業公司鰲鼓農場)
602,C1M490,內埔 (Neipu) (撤銷站),120.1488,23.5052,嘉義縣東石鄉鰲鼓村四股67號(臺灣糖業公司鰲鼓農場)
603,C1M500,魚寮 (Yuliao) (撤銷站),120.5642,23.4854,嘉義縣竹崎鄉內埔村元興路2號(嘉義縣竹崎鄉內埔國民小學內)
604,C1M510,朴子 (Puzih) (撤銷站),120.3622,23.4782,嘉義縣太保市港尾村農場1號白鴿厝農場(白鴿厝段白鴿厝小段139內號)
605,C1M520,東後寮 (Donghouliao) (撤銷站),120.2577,23.3697,嘉義縣朴子市德奐里120號(農業改良場朴子分場)
606,C1M540,小公田 (Siaogongtian) (撤銷站),120.2484,23.3697,嘉義縣義竹鄉東光村東後寮農場(新庄段新庄小段33號)
607,C1M551,中埔 (Jhongpu) (撤銷站),120.5237,23.4211,嘉義縣番路鄉分水嶺休息站後方山丘上
608,C1M560,南靖 (Nanjing) (撤銷站),120.3841,23.4124,嘉義縣中埔鄉中埔村中正路1號(中埔國民小學校園內)
609,C1M570,大湖 (Dahu) (撤銷站),120.3841,23.4749,嘉義縣水上鄉靖和村1號南靖糖廠(南靖段867內號)
610,C0M830,山美 (Shanmei) (撤銷站),120.6202,23.4749,嘉義縣番路鄉大湖村五鄰下坪8號(嘉義縣番路鄉大湖國民小學內)
611,467590,恆春 (HENGCHUN),120.7463,22.0038,屏東縣恆春鎮天文路50號
612,C0R100,尾寮山 (Weiliaoshan),120.7463,22.0038,屏東縣恆春鎮天文路50號
613,C0R130,阿禮 (Ali),120.6838,22.7429,屏東縣三地門鄉口社檢查站車程約2小時(尾寮山瞭望台旁)
614,C0R140,瑪家 (Majia),120.7436,22.7429,屏東縣霧台鄉(屏東事業區第46林班)由山地文化村開車約2小時需徒步轉波站前面
615,C0R150,三地門 (Sandimen),120.6866,22.6829,屏東縣瑪家鄉瑪家村4鄰24號(後山)
616,C0R160,鹽埔 (yanpuxinwei),120.6399,22.7098,屏東縣內埔鄉水門村成功路83號(國立內埔高級農工職業學校內)
617,C0R170,屏東 (Pingdong),120.6399,22.7395,屏東縣內埔鄉水門村成功路83號(國立內埔高級農工職業學校內)
618,C0R190,赤山 (Chishan),120.4940,22.6602,屏東縣屏東市復興路245號(台灣糖業公司屏東區處場區內)
619,C0R220,潮州 (Chaojhou),120.6143,22.5923,屏東縣萬巒鄉建興路40號（赤山國小）
620,C0R240,來義 (Laiyi),120.5400,22.5343,屏東縣潮州鎮光春路290號(屏東縣立光春國民中學內)
621,C0R260,春日 (Chunri),120.6251,22.3703,屏東縣萬巒鄉新隆路64號萬巒農場（佳佐段180號）
622,C0R270,琉球嶼 (Liouciouyu),120.6283,22.3703,屏東縣春日鄉鄉公所資源回收場旁
623,C0R280,檳榔 (Binlang),120.3622,22.0760,屏東縣琉球鄉天台段596及597地號
624,C0R320,車城 (Checheng),120.7162,22.0744,屏東縣滿州鄉長樂村大公路14號(往南仁山方向)
625,C0R341,牡丹 (Mudan),120.7926,22.1300,屏東縣車城鄉福興村中山路66號(車城國小)
626,C0R350,貓鼻頭 (Maobitou),120.7926,21.9217,屏東縣199縣道23K-23.5K間車城往旭海方向之右側
627,C0R540,佳冬 (Jiadong),120.7358,22.4194,屏東縣恆春鎮(貓鼻頭風景區內)
628,C0R550,新埤 (Xinpi),120.5523,22.4679,屏東縣佳冬鄉佳昌路2號(佳冬鄉公所)
629,C0R560,新園 (Xinyuan),120.5828,22.4679,屏東縣新埤鄉民眾路103號(新埤消防分隊)
630,C0R570,麟洛 (Linluo),120.4615,22.5434,屏東縣新園鄉仙吉村店口路116號(新園消防分隊)
631,C0R580,南州 (Nanzhou),120.5271,22.6507,屏東縣麟洛鄉中山路158號(麟洛鄉公所)
632,C0R590,里港 (Ligang),120.5027,22.4859,屏東縣南州鄉溪南村人和路241號(南州消防分隊)
633,C0R600,舊泰武 (Jiutaiwu),120.4945,22.5881,屏東縣里港鄉永春村中山路104號(里港鄉公所)
634,C0R620,墾雷 (Kenlei),120.6649,22.5881,屏東縣泰武鄉泰武村良武巷101號(舊泰武村老人活動中心)
635,C0R640,東港 (Donggang),120.8552,21.9008,屏東縣恆春鎮燈塔路51巷33號(氣象局墾丁雷達站區內)
636,C0R650,竹田 (Zhutian),120.4407,22.4624,屏東縣東港鎮豐漁里豐漁街67號（水產試驗所東港生技研究中心）
637,C0R660,枋寮 (Fangliao),120.5434,22.3677,屏東縣竹田鄉中正路123號(竹田鄉公所清潔隊)
638,C0R670,楓港 (Fenggang),120.5906,22.1901,屏東縣枋寮鄉枋寮村德興路197號(枋寮國小)
639,C0R680,佳樂水 (Jialeshui),120.6921,22.1901,屏東縣枋山鄉善餘村光復路24號(楓港國小)
640,C0R690,墾丁 (Kenting),120.8102,21.9667,屏東縣滿州鄉佳樂水風景區內
641,C0R700,枋山 (Fangshan),120.6610,22.2468,屏東縣枋山鄉中山路三段52號(加祿國小)
642,C0R710,龍磐 (Longpan),120.8389,21.9316,屏東縣枋山鄉中山路三段52號(加祿國小)
643,C0R720,旭海 (Xuhai),120.8876,22.2054,屏東縣恆春助航台(NDB歸航台)
644,C0R730,大坪頂 (Dapingding),120.8876,22.0246,屏東縣牡丹鄉旭海大草原步道旁
645,C0R740,獅子 (Shizi),120.6935,22.2015,屏東縣恆春鎮大坪頂電信機房旁
646,C0R750,四林格山 (Silingeshan),120.7944,22.0787,屏東縣獅子鄉楓林村2巷26號
647,C0R760,南仁湖 (Nanrenhu),120.7944,22.0787,屏東縣牡丹鄉四林格山遊樂區第2涼亭旁大草原
648,C0R770,保力 (Baoli),120.8633,22.0711,屏東縣滿州鄉南仁湖步道4K山頂觀測站旁
649,C0R780,滿州 (Manzhou),120.7641,22.0244,屏東縣車城鄉保力村竹社路5號
650,C0R790,九棚 (Jiupeng),120.8892,22.1419,屏東縣滿州鄉文化路32號
651,C0R800,丹路 (Danlu),120.7509,22.2044,屏東縣牡丹鄉九棚中科院基地
652,C0R810,內獅 (Neishi),120.7509,22.3050,屏東縣獅子鄉丹路一巷1號
653,C0R820,白鷺 (Bailu),120.6662,22.4542,屏東縣獅子鄉內獅村1號(內獅國小)
654,C0R830,高士 (Gaoshi),120.6662,22.1218,屏東縣來義鄉白鷺大橋沿白鷺道路5.5公里處
655,C0R840,牡丹池山 (Mudanchisahn),120.8412,22.1683,屏東縣牡丹鄉高士社區進水廠水塔頂
656,C0R440,大漢山 (Dahanshan),120.7531,22.4052,屏東縣春日鄉大漢山頂
657,C0R470,高樹 (Gaoshu),120.6008,22.8263,屏東縣春日鄉大漢山頂
658,C0R480,長治 (Changzhi),120.6008,22.6931,屏東縣高樹鄉興中路330號(高樹圖書館)
659,C0R490,九如 (Jiuru),120.5426,22.7405,屏東縣長治鄉德成村中興路572-1號(長治消防分隊)
660,C0R510,萬丹 (WanDan),120.4905,22.7405,屏東縣九如鄉九如路二段416號(九如鄉公所)
661,C0R520,崁頂 (Kanding),120.5069,22.5147,屏東縣崁頂鄉崁頂村興農路29-10號(崁頂消防分隊)
662,C1R110,口社 (Gusia),120.6452,22.7701,屏東縣崁頂鄉崁頂村興農路29-10號(崁頂消防分隊)
663,C1R120,上德文 (Shangdewun),120.7044,22.7632,屏東縣三地門鄉口社村5鄰信義巷58-5號
664,C1R290,石門山 (Shihmenshan),120.7044,22.1126,屏東縣三地門鄉德文村口之公墓旁
665,C1R610,西大武山 (Xidawushan),120.7565,22.6177,屏東縣牡丹鄉石門古戰場(恆春事業區29林班地)
666,C1R630,龍泉 (Longquan),120.5909,22.6670,屏東縣泰武鄉北大武山步道2.6k
667,C1R250,力里 (Lili),120.5909,22.4281,屏東縣內埔鄉大新路109號（屏東縣新生國民小學）
668,C1R260,春日 (Chunrih) (撤銷站),120.6292,22.3703,屏東縣春日鄉七佳村自強一路92號(力里國民小學內)
669,C1R300,旭海 (Syuhai) (撤銷站),120.6283,22.3703,屏東縣春日鄉春日國民小學內
670,C1R310,壽卡 (Shouka) (撤銷站),120.8876,22.1946,屏東縣牡丹鄉旭海村6號(旭海分駐所對面平地上)
671,C1R320,車城 (Checheng) (撤銷站),120.8589,22.2389,屏東縣牡丹鄉(潮州事業區46林班地)電信轉播站後方
672,C1R330,枋山 (Fangshan) (撤銷站),120.6610,22.2468,屏東縣枋山鄉中山路三段52號加祿國小成功分班內（廢校中）
673,C1R340,牡丹 (Mudan) (撤銷站),120.7926,22.1300,屏東縣枋山鄉中山路三段52號加祿國小成功分班內（廢校中）
674,C1R440,大漢山 (Da-Han_Shan) (撤銷站),120.7531,22.4052,屏東縣牡丹鄉恆春事業區第二五林班(199縣道23k-23.5k間之側坡地上)
675,C1R130,阿禮 (Ali) (撤銷站),120.7436,22.7426,屏東縣春日鄉大漢山頂
676,C1R140,瑪家 (Majia) (撤銷站),120.7436,22.7426,屏東縣霧臺鄉(屏東事業區第46林班)由山地文化村開車約2小時需徒步轉波站前面
677,C1R160,新圍 (Xinwei) (撤銷站),120.5307,22.7395,屏東縣瑪家鄉瑪家村4鄰24號(後山)
678,C1R170,屏東 (Pingtung) (撤銷站),120.4940,22.6602,屏東縣鹽埔鄉彭厝國民小學校園
679,C1R190,赤山 (Chihshan) (撤銷站),120.6163,22.5910,屏東縣屏東市復興路245號(台灣糖業公司屏東區處場區內)
680,C1R200,龍泉 (Longquan) (撤銷站),120.6022,22.6671,屏東縣萬巒鄉東山路1號赤山農場(赤山段217號)
681,C1R201,龍泉 (Longquan) (撤銷站),120.6022,22.6671,屏東縣內埔鄉龍泉村原勝路6號(崇文國民小學內)
682,C1R210,麟洛 (Linluo) (撤銷站),120.6020,22.6573,屏東縣內埔鄉龍泉村原勝路6號(崇文國民小學內)
683,C1R230,南州 (Nanjhou) (撤銷站),120.5164,22.4926,屏東縣麟洛鄉新田村信義路農場巷10號月縊寮溪農場(麟洛段1689號)
684,C1R240,來義 (Laiyi) (撤銷站),120.5164,22.4926,屏東縣南州鄉溪北村永安路1號(南州糖廠內)
685,C1R090,里港 (Ligang) (撤銷站),120.6251,22.5273,屏東縣萬巒鄉新隆路64號萬隆農場(佳佐段180號)
686,C0R530,林邊 (Linbian) (撤銷站),120.5099,22.4308,屏東縣林邊鄉光林村和平路45號(林邊鄉衛生所)
687,C0R500,竹田 (Zhutian) (撤銷站),120.5099,22.5849,屏東縣林邊鄉光林村和平路45號(林邊鄉衛生所)
688,C0R360,墾丁 (Kenting) (撤銷站),120.5440,21.9456,屏東縣竹田鄉中正路123號(竹田鄉公所)
689,C0R370,佳樂水 (Jialeshuei) (撤銷站),120.8022,21.9456,屏東縣恆春鎮墾丁里牧場路1號(畜產試驗所恆春分所內)
690,C0R380,枋寮 (Fangliao) (撤銷站),120.8445,22.3694,屏東縣滿州鄉港口村茶山路14號(佳樂山林務局工作站內)
691,C0R400,楓港 (Fongkung) (撤銷站),120.5896,22.3694,屏東縣枋寮鄉枋寮村德興路197號(枋寮國民小學操場旁)
692,C0R420,牡丹池山 (Mudanchihshan) (撤銷站),120.6927,22.1901,屏東縣枋山鄉善餘村光復路24號(楓港國民小學操場旁)
693,C0R430,東港 (Donggang) (撤銷站),120.8405,22.1677,屏東縣牡丹鄉電信轉播臺旁步行約3分鐘(恆春事業區21林班地)
694,467060,蘇澳 (SU-AO),121.8573,24.5967,宜蘭縣蘇澳鎮港區路1號6樓(蘇澳港行政大樓6樓)
695,467080,宜蘭 (YILAN),121.8573,24.5967,宜蘭縣蘇澳鎮港區路1號6樓(蘇澳港行政大樓6樓)
696,C0U750,龜山島 (Gueishandao),121.7565,24.8416,宜蘭縣宜蘭市力行路150號
697,C0U760,東澳 (Dong-ao),121.8331,24.5219,宜蘭縣頭城鎮龜山島山頂401高地觀景台
698,C0U770,南澳 (Nanao),121.8331,24.4493,宜蘭縣南澳鄉東岳村蘇花路三段209號(東澳國小校園內)
699,C0U780,五結 (Wujie),121.8102,24.4493,宜蘭縣南澳鄉中央氣象局地震中心系統維護課之南澳地震站
700,C0U860,頭城 (Toucheng),121.7979,24.6863,宜蘭縣五結鄉五結中路二段88號(五結國小)
701,C0U870,大礁溪 (Dajiaoxi),121.8308,24.7910,宜蘭縣頭城鎮協天路468號(中華電信頭城海纜站內)
702,C0U880,北關 (Beiguan),121.8734,24.9072,宜蘭縣礁溪鄉二結村一鄰9-1號(國立宜蘭大學實驗林場)
703,C0U890,三星 (Sanxing),121.6530,24.6681,宜蘭縣頭城鎮濱海路三段(北關梗枋漁港北側路邊)
704,C0U900,內城 (Neicheng),121.6876,24.7181,宜蘭縣三星鄉月眉街54號(三星國中)
705,C0U910,冬山 (Dongshan),121.6876,24.7181,宜蘭縣員山鄉內城路545號(內城國民中小學)
706,C0U940,羅東 (Luodong),121.7493,24.6818,宜蘭縣冬山鄉冬山路98-5號(冬山消防分隊)
707,C0U950,鶯子嶺 (Yingziling),121.7493,24.6818,宜蘭縣羅東鎮羅東運動公園南側(北成路二段停車場旁自行車道入口)
708,C0U960,翠峰湖 (Cuifenghu),121.7924,24.8975,宜蘭縣頭城鎮鶯子嶺通信站區內
709,C0U970,大福 (Dafu),121.6080,24.5108,宜蘭縣大同鄉太平山翠峰湖停車場木棧道旁
710,C0U980,坪林石牌 (Shipai Pinglin),121.8138,24.8006,宜蘭縣壯圍鄉大福路一段62巷26號(大福國小)
711,C0U990,員山 (Yuanshan),121.7739,24.8647,宜蘭縣頭城鎮與新北市坪林區交界附近之國有林班地(位於坪林石牌附近山區)
712,C0UA00,土場 (Tuchang),121.7224,24.7443,宜蘭縣員山鄉員山村復興路39號(員山國小)
713,C0UA10,鴛鴦湖 (Yuanyanghu),121.4953,24.5765,宜蘭縣大同鄉土場
714,C0UA20,多加屯 (Duojiatun),121.4122,24.5902,宜蘭縣大同鄉100線林道約15K(太平山事業區32林班內，鴛鴦湖工作站旁空地)
715,C0UA30,白嶺 (Bailing),121.3731,24.3686,宜蘭縣大同鄉南湖大山指標8.4K處(多加屯避難山屋附近)
716,C0UA40,西德山 (Xideshan),121.5190,24.5278,宜蘭縣大同鄉太平山白嶺苗圃內
717,C0UA50,西帽山 (Ximaoshan),121.7526,24.5606,宜蘭縣南澳鄉安平坑林道(力霸產業道路)附近山區(南澳事業區28林班內)
718,C0UA60,樟樹山 (Zhangshushan),121.8026,24.5553,宜蘭縣南澳鄉台泥大白山運石道附近山區(羅東事業區96林班內)
719,C0UA70,桃源谷 (Taoyuangu),121.7832,24.4139,宜蘭縣南澳鄉武塔村樟樹山附近山區
720,C0UA80,大溪漁港 (DASI FISHING),121.8888,24.9626,宜蘭縣頭城鎮及新北市貢寮區交界之桃源谷附近空地
721,C0UA90,石城 (SHIHCHENG),121.9029,24.9418,宜蘭縣頭城鎮大溪里濱海路5段492號(大溪安檢所樓頂)
722,C0UB00,淡江大學蘭陽校園 (TAMKANG LANYANG CAMPUS),121.9512,24.9804,宜蘭縣頭城鎮石城路85號(石城執檢站樓頂)
723,C0U520,雙連埤 (Shuanglianpi),121.7303,24.8232,宜蘭縣礁溪鄉林尾路180號（淡江大學蘭陽校園內）
724,C0U600,礁溪 (Chiaoshi),121.6413,24.7530,宜蘭縣員山鄉雙連埤地區(需徒步20分鐘)
725,C0U650,玉蘭 (Yulan),121.7656,24.8175,宜蘭縣礁溪鄉礁溪路四段23號(礁溪國民中學教室後宿舍旁)
726,C0U710,太平山 (Taipingshan),121.5870,24.6752,宜蘭縣大同鄉松羅村鹿場路11號(往松羅山頂瞭望亭旁)
727,C0U720,南山 (Nanshan),121.5256,24.5054,宜蘭縣大同鄉太平山93林班地(林務局路標22.3k處)
728,C1U501,牛鬥 (Nioudou),121.3816,24.4374,宜蘭縣大同鄉南山村4鄰埤南巷31-3號(南山國民小學內)
729,C1U670,寒溪 (Hanxi),121.5736,24.6378,宜蘭縣大同鄉牛鬥地區
730,C1U690,新寮 (Xinliao),121.7512,24.6255,宜蘭縣冬山鄉大進村大進七路51號(大進國民小學校園內)
731,C1U840,東澳嶺 (Dongaoling),121.7512,24.6255,宜蘭縣冬山鄉中山瀑布附近
732,C1U850,觀音海岸 (Guanyin Coast),121.8485,24.5378,宜蘭縣南澳鄉
733,C1U920,思源 (Siyuan),121.7785,24.3831,宜蘭縣南澳鄉之林務局羅東林區管理處和平事業區91林班
734,C1U930,粉鳥林 (FENNIAOLIN),121.3472,24.3931,宜蘭縣大同鄉與臺中市和平區交界之羅葉尾山步道邊(大甲溪事業區40林班內)
735,C1U860,頭城 (Toucheng) (撤銷站),121.8424,24.4970,宜蘭縣蘇澳鎮東澳里東澳路69號(粉鳥林安檢所樓頂)
736,C1U880,北關 (Beiguan) (撤銷站),121.8307,24.8532,宜蘭縣頭城鎮協天路468號(中華電信頭城海纜站內)
737,C1U720,南山 (Nanshan) (撤銷站),121.3816,24.4374,宜蘭縣頭城鎮濱海路三段(北關梗枋漁港北側路邊)
738,C1U830,烏石鼻 (Wushibi) (撤銷站),121.3816,24.4826,宜蘭縣大同鄉南山村4鄰埤南巷31-3號(南山國民小學內)
739,C1U680,冬山 (Dongshan) (撤銷站),121.8393,24.4826,宜蘭縣蘇澳鎮之烏石鼻(南澳事業區第10鄰班地上)
740,C1U521,雙連埤 (Shuanglianpi) (撤銷站),121.7934,24.6323,宜蘭縣冬山鄉南興村照安路26號(冬山國民中學內)
741,C1U580,北關 (Beiguan) (撤銷站),121.6412,24.9072,宜蘭縣員山鄉雙連埤地區(需徒步20分鐘)
742,C1U590,頭城 (Toucheng) (撤銷站),121.8734,24.9072,宜蘭縣頭城鎮(北關海防班哨旁)
743,C1U610,大礁溪 (Dajiaosi) (撤銷站),121.8146,24.7859,宜蘭縣頭城鎮新建里新興路111號(頭城家商操場角落)
744,C1U620,壯圍 (Jhuangwei) (撤銷站),121.6783,24.7859,宜蘭縣礁溪鄉二結村1鄰9-1號(國立宜蘭大學實驗林場)
745,C1U630,再連 (Zailian) (撤銷站),121.7895,24.7150,宜蘭縣壯圍鄉壯五路40號(壯圍國民小學操場旁)
746,C1U660,三星 (Sansing) (撤銷站),121.6794,24.7150,宜蘭縣員山鄉內城湖旁之山上果園
747,C0U730,思源 (Siyuan) (撤銷站),121.6544,24.3972,宜蘭縣三星鄉月眉街(三星鄉運動公園)
748,C0U680,冬山 (Dongshan) (撤銷站),121.3566,24.3972,宜蘭縣大同鄉(思源啞口旁，大甲溪事業區第40林班)
749,C0U640,羅東 (Luodong) (撤銷站),121.7935,24.6324,宜蘭縣冬山鄉南興村照安路26號(冬山國民中學內)
750,466990,花蓮 (HUALIEN),121.6132,23.9751,花蓮縣花蓮市花崗街24號
751,C0T790,大禹嶺 (Dayuling),121.3160,24.1861,花蓮縣花蓮市花崗街24號
752,C0T820,天祥 (Tianxiang),121.4956,24.1795,花蓮縣秀林鄉立霧溪事業區67林班地(救國團大禹山莊)
753,C0T9D0,和中 (Hezhong),121.4956,24.1795,花蓮縣秀林鄉立霧溪事業區80林班地(天祥祥德寺)
754,C0T9E0,大坑 (Dakeng),121.5819,23.8806,花蓮縣壽豐鄉10鄰山嶺80之1號(中華電信公司賀田山機房)旁
755,C0T9F0,水璉 (Shuilian),121.5819,23.8806,花蓮縣壽豐鄉10鄰山嶺80之1號(中華電信公司賀田山機房)旁
756,C0T9G0,鳳林山 (Fenglinshan),121.5425,23.7971,花蓮縣壽豐鄉水璉村
757,C0T9H0,加路蘭山 (Jialulanshan),121.4201,23.6829,花蓮縣鳳林鎮
758,C0T9I0,豐濱 (Fengbin),121.5274,23.6829,花蓮縣豐濱鄉臨海段776-4號
759,C0T9M0,靜浦 (Jingpu),121.5148,23.4551,花蓮縣豐濱鄉豐濱村
760,C0T9N0,富里 (Fuli),121.4950,23.4551,花蓮縣豐濱鄉靜浦村活動中心後山上
761,C0T870,鯉魚潭 (Liyutan),121.2493,23.1716,花蓮縣富里鄉永安街52號(富里國小)
762,C0T900,西林 (Xilin),121.4414,23.8119,花蓮縣壽豐鄉池南村池南路一段8號(鯉魚潭風景區旁)
763,C0T960,光復 (Guangfu),121.4414,23.8119,花蓮縣萬榮鄉西林路8鄰114號(西林國民小學運動場旁)
764,C0T9A0,月眉山 (Yuemeishan),121.4249,23.6606,花蓮縣光復鄉大進村糖廠街19號(台糖公司花蓮光復糖廠內)
765,C0T9B0,水源 (Shuiyuan),121.5398,23.8099,花蓮縣壽豐鄉月眉山旁的小山丘上(過米棧大橋往山上水璉方向至四號橋左轉之山上)
766,C0Z020,明里 (Mingli),121.5371,23.9918,花蓮縣秀林鄉原林務局水源段的苗圃內
767,C0Z050,佳心 (Jiaxin),121.2623,23.2087,花蓮縣富里鄉明里村明里社區後方山上
768,C0Z061,玉里 (Yuli),121.2131,23.3456,花蓮縣卓溪鄉佳心(玉山國家公園內，距花蓮卓溪鄉南安遊客步行2.5時之日據時代派出所舊址)
769,C0Z070,舞鶴 (Wuhe),121.3396,23.3215,花蓮縣玉里鎮樂合里新民41號(樂合國小)
770,C0Z080,富源 (Fuyuan),121.3740,23.4681,花蓮縣瑞穗鄉舞鶴村加納納山三角點旁
771,C0Z100,東華 (Donghwa),121.3782,23.8952,花蓮縣光復鄉大豐村9鄰265號(富源國中對面之半山腰上)
772,C0Z150,吉安光華 (Guanghua Ji-an),121.5498,23.8952,花蓮縣壽豐鄉大學路二段1號（國立東華大學）
773,C0Z160,鳳林 (Fenglin),121.5951,23.7461,花蓮縣吉安鄉南濱路一段531號(水資源回收中心)
774,C0Z170,卓溪 (Zhuoxi),121.3033,23.3442,花蓮縣鳳林鎮信義路200號(鳳林地政事務所)
775,C0Z180,新城 (Xincheng),121.3033,24.0394,花蓮縣卓溪鄉卓溪村中正路65-5號(卓溪鄉立圖書館)
776,C0Z190,富世 (Fushi),121.6297,24.1474,花蓮縣新城鄉大漢村光復路570號(新城鄉公所)
777,C0Z200,萬榮 (Wanrong),121.6297,24.1474,花蓮縣秀林鄉富世村127號(富世國小校園內)
778,C0Z210,瑞穗 (Ruisui),121.4201,23.7092,花蓮縣鳳林鎮長橋里長橋路2號(長橋國小)
779,C0Z220,和平林道 (Hepinglindao),121.6563,24.3439,花蓮縣瑞穗鄉鶴岡村167號(鶴岡國小)
780,C0Z230,和平 (Heping),121.6563,24.3071,花蓮縣秀林鄉臺電公司東部發電廠碧海機組廠區內(進入管制哨約7公里處)
781,C0Z250,瑞穗林道 (Ruisuilindao),121.3068,23.4928,花蓮縣卓溪鄉瑞穗林道約7.5K瑞欣礦區下方空地
782,C0Z270,蕃薯寮 (Fanshuliao),121.3068,23.4928,花蓮縣卓溪鄉瑞穗林道約7.5K瑞欣礦區下方空地
783,C0Z280,德武 (Dewu),121.5401,23.7383,花蓮縣壽豐鄉水璉村蕃薯寮附近山區道路旁(牛山段607地號內)
784,C0Z290,赤柯山 (Chikeshan),121.3829,23.3689,花蓮縣玉里鎮德武里附近山區道路旁(德武段680地號內)
785,C0Z300,東里 (Dongli),121.3829,23.2685,花蓮縣玉里鎮赤柯山段338地號
786,C0Z310,清水斷崖 (Qingshui Cliff),121.3054,23.2685,花蓮縣富里鄉東里村大莊路52號(東里消防分隊)
787,C0Z320,清水林道 (Qingshuilindao),121.6891,24.2182,花蓮縣秀林鄉臺9線大清水遊憩區下方空地
788,C0Z330,安通山 (Antongshan),121.1882,23.2712,花蓮縣卓溪鄉清水林道北側山區(新生段1地號)
789,C1S850,豐南 (Funan),121.3485,23.1221,花蓮縣玉里鎮安通產業道路附近山區
790,C1T800,洛韶 (Luoshao),121.2623,23.1221,花蓮縣富里鄉豐南村花82縣道盡頭叉路1k旁
791,C1T810,慈恩 (Ci-en),121.4539,24.2045,花蓮縣秀林鄉富世村中橫公路洛韶11號旁
792,C1T830,布洛灣 (Buluowan),121.3883,24.1920,花蓮縣秀林鄉富世村關原路3號(救國團慈恩山莊)
793,C1T920,中興 (Zhongxing),121.5712,24.1718,花蓮縣秀林鄉布洛灣地區(布洛灣遊客中心圓環之廣場旁邊)
794,C1T940,大觀 (Daguan),121.3731,23.7142,花蓮縣壽豐鄉中興大橋橋頭旁
795,C1T950,太安 (Tai-an),121.3731,23.7142,花蓮縣萬榮鄉(往臺16線過管制哨約12k處)
796,C1T970,大農 (Danong),121.4133,23.6152,花蓮縣萬榮鄉太田事業區128林班地(馬太鞍苗圃)
797,C1T980,龍澗 (Longjian),121.4113,24.0232,花蓮縣秀林鄉龍澗發電廠旁
798,C1T990,高寮 (Gaoliao),121.3568,23.3942,花蓮縣秀林鄉龍澗發電廠旁
799,C1TA00,太魯閣 (Taroko),121.3568,24.1577,花蓮縣玉里鎮觀音里15鄰9號(觀音國民小學校園內)
800,C1Z030,紅葉 (Hongye),121.3388,23.4931,花蓮縣秀林鄉富世291號（太魯閣國家公園管理處內）
801,C1Z040,立山 (Lishan),121.3388,23.4931,花蓮縣萬榮鄉紅葉村教堂附近
802,C1Z110,三棧 (Sanzhan),121.3273,24.1155,花蓮縣卓溪鄉立山村後山上
803,C1Z120,壽豐 (Shoufeng),121.6050,23.8708,花蓮縣秀林鄉雙露山
804,C1Z130,銅門 (Tongmen),121.4928,23.9656,花蓮縣壽豐鄉壽豐村壽山路37號(壽豐鄉文康中心)
805,C1Z140,荖溪 (Laoxi),121.4928,23.8905,花蓮縣秀林鄉銅門村69號(銅門國小)
806,C1Z240,中平林道 (Zhongpinglindao),121.4596,23.4211,花蓮縣秀林鄉
807,C1Z090,三棧 (San-Zhan) (撤銷站),121.6051,24.1169,花蓮縣卓溪鄉中平林道(玉里林道)約15K鐵牌處步行上山高地
808,C1Z010,卓樂 (Jhuole) (撤銷站),121.6051,23.2970,花蓮縣秀林鄉雙露山
809,C1Z020,明里 (Mingli) (撤銷站),121.2716,23.2970,花蓮縣卓溪鄉卓清村卓樂社區長老教會旁
810,C1T930,鳳林 (Fonglin) (撤銷站),121.2622,23.7436,花蓮縣富里鄉明里村明里社區後方山上
811,C1T850,吉安 (Ji-an) (撤銷站),121.4456,23.7436,花蓮縣鳳林鎮鳳智里中正路2段1號(鳳林國民小學後方鐵道旁)
812,C1T860,銅門 (Tongmen) (撤銷站),121.4926,23.9660,花蓮縣吉安鄉吉安村吉安路2段97號(吉安國民小學教室之屋頂上)
813,C1T880,吳全城 (Wucyuancheng) (撤銷站),121.5479,23.8869,花蓮縣秀林鄉銅門村12鄰108號(銅門國小後面農地上)
814,C1T890,壽豐 (Shoufeng) (撤銷站),121.5078,23.8690,花蓮縣壽豐鄉平和村吳全10號(和平國小之吳全國小操場旁)
815,C1T900,西林 (Xilin) (撤銷站),121.5078,23.8068,花蓮縣壽豐鄉壽豐村壽山路19號(壽豐國民小學操場旁)
816,C1T910,東壙 (Dongkuang) (撤銷站),121.4178,23.8068,花蓮縣萬榮鄉西林路8鄰114號(西林國民小學運動場旁)
817,C0T9C0,富世 (Fushih) (撤銷站),121.6296,24.1481,花蓮縣萬榮鄉西林村1-1號(榮民工程處蔣公銅像旁)
818,C0T841,新城 (Sincheng) (撤銷站),121.6094,24.0379,花蓮縣新城鄉大漢村樹人街1號(大漢技術學院內)
819,467540,大武 (DAWU),120.9037,22.3556,臺東縣大武鄉大武街115號
820,467610,成功 (CHENGGONG),120.9037,23.0974,臺東縣大武鄉大武街115號
821,467620,蘭嶼 (LANYU),121.5583,22.0369,臺東縣成功鎮公民路84號
822,467660,臺東 (TAITUNG),121.1545,22.7522,臺東縣蘭嶼鄉紅頭村2號
823,C0S660,下馬 (Xiama),121.1545,22.7522,臺東縣臺東市大同路106號
824,C0S690,太麻里 (Taimali),120.9853,22.6090,臺東縣海端鄉廢棄下馬派出所旁
825,C0S700,知本 (Jhihben),121.0056,22.6848,臺東縣太麻里鄉(往金針山茶區之半路上)
826,C0S710,鹿野 (Luye),121.1229,22.9177,臺東縣卑南鄉溫泉村(溫泉國小之樂山分校內)
827,C0S730,綠島 (Ludao),121.1229,22.9177,臺東縣鹿野鄉鹿野高台高眺亭公廁東側草地上
828,C0S740,池上 (Chihshang),121.4753,22.6672,臺東縣綠島鄉
829,C0S750,向陽 (Siangyang),120.9861,23.2483,臺東縣池上鄉新興村104號(退輔會臺東農場內)
830,C0S760,紅石 (Hongshih),120.9861,23.2483,臺東縣海端鄉向陽(公路局向陽工務段圍牆內)
831,C0S770,大溪山 (Dasishan),121.1262,23.0691,臺東縣海端鄉紅石(紅石瞭望臺旁)
832,C0S790,金崙 (Jinlun),120.9433,22.4784,臺東縣太麻里鄉多良村(廢棄中華電信轉播站旁)
833,C0S810,東河 (Donghe),120.9668,22.9726,臺東縣太麻里鄉金崙段0304-1地號
834,C0S830,長濱 (Changbin),121.3039,23.2868,臺東縣東河鄉北東河17鄰26號(東河國民小學操場旁)
835,C0S840,南田 (Nantian),121.4119,22.2797,臺東縣長濱鄉竹湖村移民橋後方山頂三角點旁
836,C0S890,關山 (Guanshan),120.8892,23.0395,臺東縣達仁鄉南田村南田風景區公園對面
837,C0S900,蘭嶼高中 (Lanyu High School),121.5121,22.0490,臺東縣關山鎮親水公園內
838,C0S910,蘭嶼燈塔 (Lanyu Lighthouse),121.5121,22.0811,臺東縣蘭嶼鄉椰油村37號（蘭嶼高中內）
839,C0S920,金峰嘉蘭 (Jialan Jinfeng),121.5031,22.0811,臺東縣蘭嶼鄉椰油段1-7地號（蘭嶼燈塔旁）
840,C0S930,延平 (Yanping),121.0840,22.9025,臺東縣金峰鄉嘉蘭村12鄰665號(金峰鄉嘉蘭村活動中心)
841,C0S940,石寧山 (Shiningshan),121.4066,23.2237,臺東縣臺東縣延平鄉昇平路75號(延平消防分隊)
842,C0S950,七塊厝 (Qikuaicuo),121.4066,22.9544,臺東縣長濱鄉寧埔村石寧山附近山區
843,C0S960,香蘭 (Xianglan),120.9933,22.5875,臺東縣東河鄉尚德村七塊厝產業道路附近山區
844,C0S970,加津林 (Jiajinlin),120.9933,22.5875,臺東縣太麻里鄉香蘭村四鄰28號 (香蘭國小)
845,C0S980,勝林山 (Shenglinshan),120.9269,22.4304,臺東縣大武鄉大竹村14鄰加津林4號(舊高溪派出所)
846,C0S990,山豬窟 (Shanzhuku),120.8938,22.3186,臺東縣達仁鄉勝林山山頂停機坪旁(與大武鄉交界附近)
847,C0SA00,歷坵 (Liqiu),120.8573,22.3186,臺東縣大武鄉南興村山豬窟產業道路附近山區(梅園涼亭旁)
848,C0SA10,檳榔四格山 (Binlangsigeshan),120.8918,22.8100,臺東縣金峰鄉歷坵產業道路附近山區
849,C0SA20,金崙山 (Jinlunshan),121.1093,22.5674,臺東縣卑南鄉檳榔四格山山頂瞭望臺旁
850,C0SA30,都歷 (Duli),121.3236,23.0203,臺東縣成功鎮新村路25號(東部海岸國家風景區管理處)
851,C0SA40,瑞和 (Ruihe),121.3236,23.0203,臺東縣成功鎮新村路25號(東部海岸國家風景區管理處)
852,C0SA60,知本（水試所） (Zhiben (FRI)),121.0827,22.7023,臺東縣臺東市知本路2段291巷299號
853,C0SA80,土坂 (Tuban),121.0827,22.4531,臺東縣臺東市知本路2段291巷299號
854,C0SA90,達仁林場 (Darenlinchang),120.8875,22.2643,臺東縣達仁鄉土坂村1鄰10號(土坂國民小學操場旁)
855,C1S670,摩天 (Motian),121.0270,23.1995,臺東縣達仁鄉臺東達五號農路4K處
856,C1S800,華源 (Huayuan),121.0232,22.6578,臺東縣海端鄉(省道臺20線169K福德宮後方)
857,C1S820,金峰 (Jinfeng),121.0232,22.6578,臺東縣太麻里鄉華源村
858,C1S860,利嘉 (LiChai),120.9332,22.5909,臺東縣金峰鄉嘉蘭村嘉蘭國小旁
859,C1S870,南美山 (NanMaiSan),121.0505,22.8094,臺東縣卑南鄉利嘉林道6k附近梅子園
860,C1S880,壽卡 (Shouka),120.8589,22.2389,臺東縣成功鎮南美山產業道路盡頭柑橘園
861,C1SA50,利嘉林道 (Lijialindao),121.0093,22.8232,臺東縣達仁鄉(大武事業區第48林班內)電信轉播站後方
862,C1SA70,都蘭 (Dulan),121.0093,22.8779,臺東縣卑南鄉利嘉林道17K處
863,C1S620,土阪 (Tuban) (撤銷站),120.8875,22.4531,臺東縣東河鄉都蘭村431號(都蘭國民小學教室頂樓)
864,C1S630,都蘭 (Dulian) (撤銷站),120.8875,22.4531,臺東縣達仁鄉土阪村1鄰10號(土阪國民小學操場旁)
865,C1S660,下馬 (Siama) (撤銷站),121.2279,23.1501,臺東縣東河鄉都蘭村431號(都蘭國民小學操場旁)
866,C0S680,紅葉山 (Hongyeshan) (撤銷站),121.0700,22.9198,臺東縣海端鄉廢棄下馬派出所旁
867,467300,東吉島 (DONGJIDAO),119.6674,23.2569,澎湖縣望安鄉東吉村156號
868,467350,澎湖 (PENGHU),119.6674,23.2569,澎湖縣望安鄉東吉村156號
869,C0W120,西嶼 (Xiyu),119.6674,23.2569,澎湖縣望安鄉東吉村156號
870,C0W130,花嶼 (Huayu),119.5630,23.5655,澎湖縣西嶼鄉195號(西嶼燈塔西方)
871,467110,金門 (KINMEN),118.2892,24.4073,金門縣金城鎮金水里西海路一段250號
872,C0W140,金沙 (Jinsha),118.4087,24.4882,金門縣金城鎮金水里西海路一段250號
873,C0W150,金寧 (Jinning),118.3289,24.4577,金門縣金沙鎮環島北路四段465號(金門縣自來水廠榮湖淨水場)
874,C0W160,烏坵 (Wuqiu),119.4495,24.9944,金門縣金寧鄉頂林路315號(金門縣消防局)
875,467990,馬祖 (MATSU),119.9234,26.1692,連江縣南竿鄉四維村6鄰88號
876,C0W110,東莒 (Dongju),119.9234,25.9652,連江縣南竿鄉四維村6鄰88號
877,C0W170,東引 (Dongyin) (撤銷站),119.9806,25.9652,連江縣莒光鄉福正村1號(福正抽水機房，莒光遊客中心後方)
